{"type":"FeatureCollection","generated":"2026-08-11T06:55:03Z","sources_failed":["eccc"],"attribution":"Data: Environment and Climate Change Canada \u00b7 Fisheries and Oceans Canada (CHS) \u00b7 Ottawa River Regulation Planning Board \u00b7 Hydro-Qu\u00e9bec \u00b7 Qu\u00e9bec MSP/MELCCFP. Provisional data.","features":[{"type":"Feature","geometry":{"type":"Point","coordinates":[-55.39005,46.91679]},"properties":{"id":"00755","name":"St. Lawrence","prov":"","kind":"coastal","level":1.161,"time":"2026-08-11T06:56:00Z","src":"dfo"}},{"type":"Feature","geometry":{"type":"Point","coordinates":[-79.25285,42.87438]},"properties":{"id":"12865","name":"Port Colborne","prov":"","kind":"coastal","level":0.906,"time":"2026-08-11T06:54:00Z","src":"dfo"}},{"type":"Feature","geometry":{"type":"Point","coordinates":[-72.61933,46.2725]},"properties":{"id":"03365","name":"Port-Saint-Fran\u00e7ois","prov":"","kind":"coastal","level":1.215,"time":"2026-08-11T06:56:00Z","src":"dfo"}},{"type":"Feature","geometry":{"type":"Point","coordinates":[-125.247,50.042]},"properties":{"id":"08074","name":"Campbell River","prov":"","kind":"coastal","level":3.505,"time":"2026-08-11T06:56:00Z","src":"dfo"}},{"type":"Feature","geometry":{"type":"Point","coordinates":[-123.37083,48.42436]},"properties":{"id":"07120","name":"Victoria Harbour","prov":"","kind":"coastal","level":2.937,"time":"2026-08-11T06:56:00Z","src":"dfo"}},{"type":"Feature","geometry":{"type":"Point","coordinates":[-79.38029,43.63977]},"properties":{"id":"13320","name":"Toronto","prov":"","kind":"coastal","level":1.087,"time":"2026-08-11T06:54:00Z","src":"dfo"}},{"type":"Feature","geometry":{"type":"Point","coordinates":[-130.28906,54.21515]},"properties":{"id":"09341","name":"Porpoise Channel East","prov":"","kind":"coastal","level":6.323,"time":"2026-08-11T06:55:00Z","src":"dfo"}},{"type":"Feature","geometry":{"type":"Point","coordinates":[-79.21964,43.23671]},"properties":{"id":"13030","name":"Port Weller","prov":"","kind":"coastal","level":1.138,"time":"2026-08-11T06:48:00Z","src":"dfo"}},{"type":"Feature","geometry":{"type":"Point","coordinates":[-66.12497,43.83231]},"properties":{"id":"00365","name":"Yarmouth","prov":"","kind":"coastal","level":0.708,"time":"2026-08-11T06:56:00Z","src":"dfo"}},{"type":"Feature","geometry":{"type":"Point","coordinates":[-130.324,54.317]},"properties":{"id":"09354","name":"Prince Rupert","prov":"","kind":"coastal","level":6.457,"time":"2026-08-11T06:56:00Z","src":"dfo"}},{"type":"Feature","geometry":{"type":"Point","coordinates":[-127.489,50.722]},"properties":{"id":"08408","name":"Port Hardy","prov":"","kind":"coastal","level":4.895,"time":"2026-08-11T06:56:00Z","src":"dfo"}},{"type":"Feature","geometry":{"type":"Point","coordinates":[-72.10622,46.56103]},"properties":{"id":"03335","name":"Deschaillons-sur-Saint-Laurent","prov":"","kind":"coastal","level":1.394,"time":"2026-08-11T06:56:00Z","src":"dfo"}},{"type":"Feature","geometry":{"type":"Point","coordinates":[-133.002,54.191]},"properties":{"id":"09958","name":"Henslung Cove","prov":"","kind":"coastal","level":4.571,"time":"2026-08-11T06:56:00Z","src":"dfo"}},{"type":"Feature","geometry":{"type":"Point","coordinates":[-83.11496,42.06173]},"properties":{"id":"12005","name":"Bar Point","prov":"","kind":"coastal","level":0.928,"time":"2026-08-11T06:54:00Z","src":"dfo"}},{"type":"Feature","geometry":{"type":"Point","coordinates":[-73.55253,45.5035]},"properties":{"id":"15520","name":"Montr\u00e9al Jet\u00e9e #1","prov":"","kind":"coastal","level":0.85,"time":"2026-08-11T06:56:00Z","src":"dfo"}},{"type":"Feature","geometry":{"type":"Point","coordinates":[-81.66281,45.25677]},"properties":{"id":"11690","name":"Tobermory","prov":"","kind":"coastal","level":0.593,"time":"2026-08-11T06:54:00Z","src":"dfo"}},{"type":"Feature","geometry":{"type":"Point","coordinates":[-72.8955,46.19483]},"properties":{"id":"15975","name":"Lac Saint-Pierre","prov":"","kind":"coastal","level":0.959,"time":"2026-08-11T06:56:00Z","src":"dfo"}},{"type":"Feature","geometry":{"type":"Point","coordinates":[-123.4515,48.6536]},"properties":{"id":"07277","name":"Patricia Bay","prov":"","kind":"coastal","level":3.099,"time":"2026-08-11T06:56:00Z","src":"dfo"}},{"type":"Feature","geometry":{"type":"Point","coordinates":[-80.9035,71.8899]},"properties":{"id":"05791","name":"Milne Inlet (head)","prov":"","kind":"coastal","level":1.194,"time":"2026-08-11T06:54:00Z","src":"dfo"}},{"type":"Feature","geometry":{"type":"Point","coordinates":[-123.2319,49.3405]},"properties":{"id":"07786","name":"Sandy Cove","prov":"","kind":"coastal","level":3.717,"time":"2026-08-11T06:56:00Z","src":"dfo"}},{"type":"Feature","geometry":{"type":"Point","coordinates":[-81.21383,42.65788]},"properties":{"id":"12400","name":"Port Stanley","prov":"","kind":"coastal","level":0.97,"time":"2026-08-11T06:54:00Z","src":"dfo"}},{"type":"Feature","geometry":{"type":"Point","coordinates":[-61.68647,56.54345]},"properties":{"id":"01430","name":"Nain","prov":"","kind":"coastal","level":1.51,"time":"2026-08-11T06:56:00Z","src":"dfo"}},{"type":"Feature","geometry":{"type":"Point","coordinates":[-59.13905,47.58015]},"properties":{"id":"00665","name":"Port aux Basques","prov":"","kind":"coastal","level":1.185,"time":"2026-08-11T06:56:00Z","src":"dfo"}},{"type":"Feature","geometry":{"type":"Point","coordinates":[-66.06004,45.2546]},"properties":{"id":"00065","name":"Saint John","prov":"","kind":"coastal","level":1.324,"time":"2026-08-11T06:56:00Z","src":"dfo"}},{"type":"Feature","geometry":{"type":"Point","coordinates":[-130.35994,54.29026]},"properties":{"id":"09348","name":"Fairview Terminal","prov":"","kind":"coastal","level":6.44,"time":"2026-08-11T06:56:00Z","src":"dfo"}},{"type":"Feature","geometry":{"type":"Point","coordinates":[-83.11405,42.14444]},"properties":{"id":"11995","name":"Amherstburg","prov":"","kind":"coastal","level":0.978,"time":"2026-08-11T06:54:00Z","src":"dfo"}},{"type":"Feature","geometry":{"type":"Point","coordinates":[-123.1922,49.1245]},"properties":{"id":"07607","name":"Steveston","prov":"","kind":"coastal","level":2.96,"time":"2026-08-11T06:56:00Z","src":"dfo"}},{"type":"Feature","geometry":{"type":"Point","coordinates":[-82.50703,42.6573]},"properties":{"id":"11950","name":"Port Lambton","prov":"","kind":"coastal","level":0.922,"time":"2026-08-11T06:54:00Z","src":"dfo"}},{"type":"Feature","geometry":{"type":"Point","coordinates":[-123.12768,49.31257]},"properties":{"id":"07724","name":"Calamity Point","prov":"","kind":"coastal","level":3.615,"time":"2026-08-11T06:56:00Z","src":"dfo"}},{"type":"Feature","geometry":{"type":"Point","coordinates":[-72.24583,46.50033]},"properties":{"id":"03345","name":"Batiscan","prov":"","kind":"coastal","level":1.168,"time":"2026-08-11T06:56:00Z","src":"dfo"}},{"type":"Feature","geometry":{"type":"Point","coordinates":[-96.03056,64.31944]},"properties":{"id":"33000","name":"Baker Lake","prov":"","kind":"coastal","level":0.358,"time":"2026-08-11T06:54:00Z","src":"dfo"}},{"type":"Feature","geometry":{"type":"Point","coordinates":[-53.11576,48.6506]},"properties":{"id":"00990","name":"Bonavista","prov":"","kind":"coastal","level":0.493,"time":"2026-08-11T06:56:00Z","src":"dfo"}},{"type":"Feature","geometry":{"type":"Point","coordinates":[-71.20175,46.81111]},"properties":{"id":"03248","name":"Vieux-Qu\u00e9bec","prov":"","kind":"coastal","level":3.446,"time":"2026-08-11T06:56:00Z","src":"dfo"}},{"type":"Feature","geometry":{"type":"Point","coordinates":[-62.68812,45.73928]},"properties":{"id":"01640","name":"Caribou","prov":"","kind":"coastal","level":1.474,"time":"2026-08-11T06:56:00Z","src":"dfo"}},{"type":"Feature","geometry":{"type":"Point","coordinates":[-82.73484,42.02694]},"properties":{"id":"12065","name":"Kingsville","prov":"","kind":"coastal","level":0.879,"time":"2026-08-11T06:54:00Z","src":"dfo"}},{"type":"Feature","geometry":{"type":"Point","coordinates":[-117.75628,70.73653]},"properties":{"id":"06380","name":"Ulukhaktok","prov":"","kind":"coastal","level":0.228,"time":"2026-08-11T06:54:00Z","src":"dfo"}},{"type":"Feature","geometry":{"type":"Point","coordinates":[-62.25176,46.34963]},"properties":{"id":"01650","name":"Souris","prov":"","kind":"coastal","level":1.685,"time":"2026-08-11T06:56:00Z","src":"dfo"}},{"type":"Feature","geometry":{"type":"Point","coordinates":[-83.55107,46.254]},"properties":{"id":"11070","name":"Thessalon","prov":"","kind":"coastal","level":0.534,"time":"2026-08-11T06:54:00Z","src":"dfo"}},{"type":"Feature","geometry":{"type":"Point","coordinates":[-122.91,49.2]},"properties":{"id":"07654","name":"New Westminster","prov":"","kind":"coastal","level":2.274,"time":"2026-08-11T06:56:00Z","src":"dfo"}},{"type":"Feature","geometry":{"type":"Point","coordinates":[-64.53001,46.24061]},"properties":{"id":"01804","name":"Pointe-du-Ch\u00eane","prov":"","kind":"coastal","level":1.697,"time":"2026-08-11T06:56:00Z","src":"dfo"}},{"type":"Feature","geometry":{"type":"Point","coordinates":[-81.91461,42.26016]},"properties":{"id":"12250","name":"Erieau","prov":"","kind":"coastal","level":0.972,"time":"2026-08-11T06:54:00Z","src":"dfo"}},{"type":"Feature","geometry":{"type":"Point","coordinates":[-82.7109,42.29616]},"properties":{"id":"11965","name":"Belle River","prov":"","kind":"coastal","level":0.941,"time":"2026-08-11T06:54:00Z","src":"dfo"}},{"type":"Feature","geometry":{"type":"Point","coordinates":[-123.9235,49.1628]},"properties":{"id":"07917","name":"Nanaimo Harbour","prov":"","kind":"coastal","level":3.614,"time":"2026-08-11T06:56:00Z","src":"dfo"}},{"type":"Feature","geometry":{"type":"Point","coordinates":[-81.92448,45.98053]},"properties":{"id":"11195","name":"Little Current","prov":"","kind":"coastal","level":0.501,"time":"2026-08-11T06:54:00Z","src":"dfo"}},{"type":"Feature","geometry":{"type":"Point","coordinates":[-63.61324,44.68226]},"properties":{"id":"00491","name":"Bedford Institute","prov":"","kind":"coastal","level":0.848,"time":"2026-08-11T06:56:00Z","src":"dfo"}},{"type":"Feature","geometry":{"type":"Point","coordinates":[-80.2201,44.50841]},"properties":{"id":"11500","name":"Collingwood","prov":"","kind":"coastal","level":0.654,"time":"2026-08-11T06:54:00Z","src":"dfo"}},{"type":"Feature","geometry":{"type":"Point","coordinates":[-72.3795,46.40033]},"properties":{"id":"03353","name":"B\u00e9cancour","prov":"","kind":"coastal","level":0.999,"time":"2026-08-11T06:56:00Z","src":"dfo"}},{"type":"Feature","geometry":{"type":"Point","coordinates":[-72.53917,46.3405]},"properties":{"id":"03360","name":"Trois-Rivi\u00e8res","prov":"","kind":"coastal","level":1.09,"time":"2026-08-11T06:56:00Z","src":"dfo"}},{"type":"Feature","geometry":{"type":"Point","coordinates":[-132.072,53.252]},"properties":{"id":"09850","name":"Daajing Giids","prov":"","kind":"coastal","level":6.715,"time":"2026-08-11T06:56:00Z","src":"dfo"}},{"type":"Feature","geometry":{"type":"Point","coordinates":[-73.28317,45.83267]},"properties":{"id":"15780","name":"Contrecoeur IOC","prov":"","kind":"coastal","level":0.781,"time":"2026-08-11T06:56:00Z","src":"dfo"}},{"type":"Feature","geometry":{"type":"Point","coordinates":[-69.72975,48.12633]},"properties":{"id":"03424","name":"Baie-Sainte-Catherine","prov":"","kind":"coastal","level":4.659,"time":"2026-08-11T06:56:00Z","src":"dfo"}},{"type":"Feature","geometry":{"type":"Point","coordinates":[-123.08342,49.1239]},"properties":{"id":"07609","name":"Deas Basin","prov":"","kind":"coastal","level":2.707,"time":"2026-08-11T06:56:00Z","src":"dfo"}},{"type":"Feature","geometry":{"type":"Point","coordinates":[-132.9944,69.43823]},"properties":{"id":"06485","name":"Tuktoyaktuk","prov":"","kind":"coastal","level":0.917,"time":"2026-08-11T06:54:00Z","src":"dfo"}},{"type":"Feature","geometry":{"type":"Point","coordinates":[-63.12218,46.23012]},"properties":{"id":"01700","name":"Charlottetown","prov":"","kind":"coastal","level":1.66,"time":"2026-08-11T06:56:00Z","src":"dfo"}},{"type":"Feature","geometry":{"type":"Point","coordinates":[-70.86927,48.3339]},"properties":{"id":"03460","name":"Port-Alfred","prov":"","kind":"coastal","level":5.217,"time":"2026-08-11T06:56:00Z","src":"dfo"}},{"type":"Feature","geometry":{"type":"Point","coordinates":[-70.71083,47.0895]},"properties":{"id":"03075","name":"Banc du Cap Br\u00fbl\u00e9","prov":"","kind":"coastal","level":4.926,"time":"2026-08-11T06:56:00Z","src":"dfo"}},{"type":"Feature","geometry":{"type":"Point","coordinates":[-84.90084,47.96133]},"properties":{"id":"10750","name":"Michipicoten","prov":"","kind":"coastal","level":0.189,"time":"2026-08-11T06:54:00Z","src":"dfo"}},{"type":"Feature","geometry":{"type":"Point","coordinates":[-122.8861,49.4618]},"properties":{"id":"07774","name":"Indian Arm Head","prov":"","kind":"coastal","level":3.476,"time":"2026-08-11T06:56:00Z","src":"dfo"}},{"type":"Feature","geometry":{"type":"Point","coordinates":[-81.7278,43.74535]},"properties":{"id":"11860","name":"Goderich","prov":"","kind":"coastal","level":0.68,"time":"2026-08-11T06:54:00Z","src":"dfo"}},{"type":"Feature","geometry":{"type":"Point","coordinates":[-82.42146,42.99131]},"properties":{"id":"11940","name":"Point Edward","prov":"","kind":"coastal","level":0.761,"time":"2026-08-11T06:54:00Z","src":"dfo"}},{"type":"Feature","geometry":{"type":"Point","coordinates":[-73.11567,46.04717]},"properties":{"id":"15930","name":"Sorel","prov":"","kind":"coastal","level":0.915,"time":"2026-08-11T06:56:00Z","src":"dfo"}},{"type":"Feature","geometry":{"type":"Point","coordinates":[-84.5863,46.5291]},"properties":{"id":"10920","name":"Gros Cap","prov":"","kind":"coastal","level":0.286,"time":"2026-08-11T06:54:00Z","src":"dfo"}},{"type":"Feature","geometry":{"type":"Point","coordinates":[-84.36722,46.51229]},"properties":{"id":"10980","name":"Sault Ste Marie - Above Locks","prov":"","kind":"coastal","level":0.301,"time":"2026-08-11T06:54:00Z","src":"dfo"}},{"type":"Feature","geometry":{"type":"Point","coordinates":[-84.34326,46.51125]},"properties":{"id":"11010","name":"Sault Ste Marie - Below Locks","prov":"","kind":"coastal","level":0.478,"time":"2026-08-11T06:54:00Z","src":"dfo"}},{"type":"Feature","geometry":{"type":"Point","coordinates":[-68.51367,48.47833]},"properties":{"id":"02985","name":"Rimouski","prov":"","kind":"coastal","level":3.883,"time":"2026-08-11T06:56:00Z","src":"dfo"}},{"type":"Feature","geometry":{"type":"Point","coordinates":[-61.85728,47.37886]},"properties":{"id":"01970","name":"Cap-aux-Meules","prov":"","kind":"coastal","level":1.275,"time":"2026-08-11T06:56:00Z","src":"dfo"}},{"type":"Feature","geometry":{"type":"Point","coordinates":[-53.9919,47.29]},"properties":{"id":"00835","name":"Argentia","prov":"","kind":"coastal","level":1.19,"time":"2026-08-11T06:56:00Z","src":"dfo"}},{"type":"Feature","geometry":{"type":"Point","coordinates":[-71.00333,46.85817]},"properties":{"id":"03110","name":"Saint-Laurent I.O.","prov":"","kind":"coastal","level":3.898,"time":"2026-08-11T06:56:00Z","src":"dfo"}},{"type":"Feature","geometry":{"type":"Point","coordinates":[-80.20155,42.78131]},"properties":{"id":"12710","name":"Port Dover","prov":"","kind":"coastal","level":0.911,"time":"2026-08-11T06:54:00Z","src":"dfo"}},{"type":"Feature","geometry":{"type":"Point","coordinates":[-132.149,54.01]},"properties":{"id":"09910","name":"Masset","prov":"","kind":"coastal","level":3.502,"time":"2026-08-11T06:56:00Z","src":"dfo"}},{"type":"Feature","geometry":{"type":"Point","coordinates":[-64.3805,48.997]},"properties":{"id":"02330","name":"Rivi\u00e8re-au-Renard","prov":"","kind":"coastal","level":1.885,"time":"2026-08-11T06:56:00Z","src":"dfo"}},{"type":"Feature","geometry":{"type":"Point","coordinates":[-75.19083,44.8905]},"properties":{"id":"14660","name":"Morrisburg","prov":"","kind":"coastal","level":0.791,"time":"2026-08-11T06:54:00Z","src":"dfo"}},{"type":"Feature","geometry":{"type":"Point","coordinates":[-79.88797,44.75288]},"properties":{"id":"11445","name":"Midland","prov":"","kind":"coastal","level":0.638,"time":"2026-08-11T06:54:00Z","src":"dfo"}},{"type":"Feature","geometry":{"type":"Point","coordinates":[-71.05483,48.43083]},"properties":{"id":"03480","name":"Chicoutimi","prov":"","kind":"coastal","level":4.706,"time":"2026-08-11T06:56:00Z","src":"dfo"}},{"type":"Feature","geometry":{"type":"Point","coordinates":[-123.25358,49.3375]},"properties":{"id":"07795","name":"Point Atkinson","prov":"","kind":"coastal","level":3.725,"time":"2026-08-11T06:56:00Z","src":"dfo"}},{"type":"Feature","geometry":{"type":"Point","coordinates":[-122.86583,49.2877]},"properties":{"id":"07755","name":"Port Moody","prov":"","kind":"coastal","level":3.648,"time":"2026-08-11T06:56:00Z","src":"dfo"}},{"type":"Feature","geometry":{"type":"Point","coordinates":[-89.2173,48.4094]},"properties":{"id":"10050","name":"Thunder Bay","prov":"","kind":"coastal","level":0.301,"time":"2026-08-11T06:54:00Z","src":"dfo"}},{"type":"Feature","geometry":{"type":"Point","coordinates":[-61.36564,45.61442]},"properties":{"id":"00575","name":"Port Hawkesbury","prov":"","kind":"coastal","level":1.148,"time":"2026-08-11T06:56:00Z","src":"dfo"}},{"type":"Feature","geometry":{"type":"Point","coordinates":[-71.57283,46.6965]},"properties":{"id":"03280","name":"Neuville","prov":"","kind":"coastal","level":1.822,"time":"2026-08-11T06:56:00Z","src":"dfo"}},{"type":"Feature","geometry":{"type":"Point","coordinates":[-125.136,48.836]},"properties":{"id":"08545","name":"Bamfield","prov":"","kind":"coastal","level":3.385,"time":"2026-08-11T06:56:00Z","src":"dfo"}},{"type":"Feature","geometry":{"type":"Point","coordinates":[-87.51959,48.83367]},"properties":{"id":"10220","name":"Rossport","prov":"","kind":"coastal","level":0.208,"time":"2026-08-11T06:54:00Z","src":"dfo"}},{"type":"Feature","geometry":{"type":"Point","coordinates":[-124.421,48.555]},"properties":{"id":"08525","name":"Port Renfrew","prov":"","kind":"coastal","level":3.276,"time":"2026-08-11T06:55:00Z","src":"dfo"}},{"type":"Feature","geometry":{"type":"Point","coordinates":[-75.30868,44.83456]},"properties":{"id":"14602","name":"Iroquois Below","prov":"","kind":"coastal","level":0.728,"time":"2026-08-11T06:54:00Z","src":"dfo"}},{"type":"Feature","geometry":{"type":"Point","coordinates":[-123.13936,49.27658]},"properties":{"id":"07707","name":"Kitsilano","prov":"","kind":"coastal","level":3.766,"time":"2026-08-11T06:56:00Z","src":"dfo"}},{"type":"Feature","geometry":{"type":"Point","coordinates":[-52.70231,47.56705]},"properties":{"id":"00905","name":"St. Johns","prov":"","kind":"coastal","level":0.799,"time":"2026-08-11T06:56:00Z","src":"dfo"}},{"type":"Feature","geometry":{"type":"Point","coordinates":[-70.80817,46.9965]},"properties":{"id":"03100","name":"Saint-Fran\u00e7ois I.O.","prov":"","kind":"coastal","level":4.792,"time":"2026-08-11T06:56:00Z","src":"dfo"}},{"type":"Feature","geometry":{"type":"Point","coordinates":[-123.0997,49.2863]},"properties":{"id":"07735","name":"Vancouver","prov":"","kind":"coastal","level":3.631,"time":"2026-08-11T06:56:00Z","src":"dfo"}},{"type":"Feature","geometry":{"type":"Point","coordinates":[-124.81361,49.22562]},"properties":{"id":"08575","name":"Port Alberni","prov":"","kind":"coastal","level":3.25,"time":"2026-08-11T06:56:00Z","src":"dfo"}},{"type":"Feature","geometry":{"type":"Point","coordinates":[-65.84589,47.90895]},"properties":{"id":"02145","name":"Belledune","prov":"","kind":"coastal","level":2.526,"time":"2026-08-11T06:56:00Z","src":"dfo"}},{"type":"Feature","geometry":{"type":"Point","coordinates":[-73.44369,45.68431]},"properties":{"id":"15660","name":"Varennes","prov":"","kind":"coastal","level":0.734,"time":"2026-08-11T06:56:00Z","src":"dfo"}},{"type":"Feature","geometry":{"type":"Point","coordinates":[-74.55409,45.05995]},"properties":{"id":"14940","name":"Summerstown","prov":"","kind":"coastal","level":0.431,"time":"2026-08-11T06:54:00Z","src":"dfo"}},{"type":"Feature","geometry":{"type":"Point","coordinates":[-64.88556,47.08224]},"properties":{"id":"02000","name":"Escuminac","prov":"","kind":"coastal","level":1.722,"time":"2026-08-11T06:56:00Z","src":"dfo"}},{"type":"Feature","geometry":{"type":"Point","coordinates":[-123.3042,49.1052]},"properties":{"id":"07594","name":"Sand Heads","prov":"","kind":"coastal","level":3.667,"time":"2026-08-11T06:56:00Z","src":"dfo"}},{"type":"Feature","geometry":{"type":"Point","coordinates":[-125.552,48.947]},"properties":{"id":"08595","name":"Ucluelet","prov":"","kind":"coastal","level":3.413,"time":"2026-08-11T06:56:00Z","src":"dfo"}},{"type":"Feature","geometry":{"type":"Point","coordinates":[-62.74939,45.95288]},"properties":{"id":"01680","name":"Wood Islands","prov":"","kind":"coastal","level":1.543,"time":"2026-08-11T06:56:00Z","src":"dfo"}},{"type":"Feature","geometry":{"type":"Point","coordinates":[-80.03588,45.33855]},"properties":{"id":"11375","name":"Parry Sound","prov":"","kind":"coastal","level":0.587,"time":"2026-08-11T06:54:00Z","src":"dfo"}},{"type":"Feature","geometry":{"type":"Point","coordinates":[-74.71151,45.01473]},"properties":{"id":"14870","name":"Cornwall","prov":"","kind":"coastal","level":0.511,"time":"2026-08-11T06:54:00Z","src":"dfo"}},{"type":"Feature","geometry":{"type":"Point","coordinates":[-129.978,54.999]},"properties":{"id":"09422","name":"Gingolx","prov":"","kind":"coastal","level":6.248,"time":"2026-08-11T06:56:00Z","src":"dfo"}},{"type":"Feature","geometry":{"type":"Point","coordinates":[-94.30261,63.99153]},"properties":{"id":"05160","name":"Chesterfield Narrows","prov":"","kind":"coastal","level":0.376,"time":"2026-08-11T06:39:00Z","src":"dfo"}},{"type":"Feature","geometry":{"type":"Point","coordinates":[-125.913,49.154]},"properties":{"id":"08615","name":"Tofino","prov":"","kind":"coastal","level":3.5,"time":"2026-08-11T06:56:00Z","src":"dfo"}},{"type":"Feature","geometry":{"type":"Point","coordinates":[-60.24531,46.20897]},"properties":{"id":"00612","name":"North Sydney","prov":"","kind":"coastal","level":1.048,"time":"2026-08-11T06:56:00Z","src":"dfo"}},{"type":"Feature","geometry":{"type":"Point","coordinates":[-78.1644,43.95647]},"properties":{"id":"13590","name":"Cobourg","prov":"","kind":"coastal","level":1.077,"time":"2026-08-11T06:54:00Z","src":"dfo"}},{"type":"Feature","geometry":{"type":"Point","coordinates":[-75.32091,44.8223]},"properties":{"id":"14600","name":"Iroquois Above","prov":"","kind":"coastal","level":1.143,"time":"2026-08-11T06:54:00Z","src":"dfo"}},{"type":"Feature","geometry":{"type":"Point","coordinates":[-71.87717,46.68117]},"properties":{"id":"03300","name":"Portneuf","prov":"","kind":"coastal","level":0.919,"time":"2026-08-11T06:56:00Z","src":"dfo"}},{"type":"Feature","geometry":{"type":"Point","coordinates":[-66.3851,50.20037]},"properties":{"id":"02780","name":"Sept-\u00celes","prov":"","kind":"coastal","level":2.646,"time":"2026-08-11T06:56:00Z","src":"dfo"}},{"type":"Feature","geometry":{"type":"Point","coordinates":[-130.3351,54.23488]},"properties":{"id":"09346","name":"Prince Rupert RoRo","prov":"","kind":"coastal","level":6.357,"time":"2026-08-11T06:56:00Z","src":"dfo"}},{"type":"Feature","geometry":{"type":"Point","coordinates":[-79.79344,43.29944]},"properties":{"id":"13150","name":"Burlington","prov":"","kind":"coastal","level":1.157,"time":"2026-08-11T06:54:00Z","src":"dfo"}},{"type":"Feature","geometry":{"type":"Point","coordinates":[-130.30348,54.23629]},"properties":{"id":"09339","name":"Pembina Terminal","prov":"","kind":"coastal","level":6.322,"time":"2026-08-11T06:56:00Z","src":"dfo"}},{"type":"Feature","geometry":{"type":"Point","coordinates":[-128.143,52.163]},"properties":{"id":"08976","name":"Bella Bella","prov":"","kind":"coastal","level":4.817,"time":"2026-08-11T06:56:00Z","src":"dfo"}},{"type":"Feature","geometry":{"type":"Point","coordinates":[-123.15458,49.32577]},"properties":{"id":"07780","name":"Ambleside","prov":"","kind":"coastal","level":3.748,"time":"2026-08-11T06:56:00Z","src":"dfo"}},{"type":"Feature","geometry":{"type":"Point","coordinates":[-128.696,53.989]},"properties":{"id":"09140","name":"Kitimat","prov":"","kind":"coastal","level":5.712,"time":"2026-08-11T06:56:00Z","src":"dfo"}},{"type":"Feature","geometry":{"type":"Point","coordinates":[-76.51778,44.21818]},"properties":{"id":"13988","name":"Kingston","prov":"","kind":"coastal","level":1.093,"time":"2026-08-11T06:54:00Z","src":"dfo"}},{"type":"Feature","geometry":{"type":"Point","coordinates":[-70.3655,47.44883]},"properties":{"id":"03057","name":"Saint-Joseph-de-la-Rive","prov":"","kind":"coastal","level":6.089,"time":"2026-08-11T06:56:00Z","src":"dfo"}},{"type":"Feature","geometry":{"type":"Point","coordinates":[-89.23606,48.36743]},"properties":{"id":"10047","name":"Mission River","prov":"","kind":"coastal","level":0.32,"time":"2026-08-11T06:51:00Z","src":"dfo"}},{"type":"Feature","geometry":{"type":"Point","coordinates":[-75.68193,44.58693]},"properties":{"id":"14400","name":"Brockville","prov":"","kind":"coastal","level":1.071,"time":"2026-08-11T06:54:00Z","src":"dfo"}},{"type":"Feature","geometry":{"type":"Point","coordinates":[-73.5425,45.52867]},"properties":{"id":"15540","name":"Montr\u00e9al rue Frontenac","prov":"","kind":"coastal","level":0.799,"time":"2026-08-11T06:56:00Z","src":"dfo"}},{"type":"Feature","geometry":{"type":"Point","coordinates":[-130.01,55.9166]},"properties":{"id":"09475","name":"Stewart","prov":"","kind":"coastal","level":6.584,"time":"2026-08-11T06:56:00Z","src":"dfo"}},{"type":"Feature","geometry":{"type":"Point","coordinates":[-68.5025,63.71267]},"properties":{"id":"04140","name":"Iqaluit","prov":"","kind":"coastal","level":4.974,"time":"2026-08-11T06:54:00Z","src":"dfo"}},{"type":"Feature","geometry":{"type":"Point","coordinates":[-129.25188,53.42421]},"properties":{"id":"09130","name":"Hartley Bay","prov":"","kind":"coastal","level":5.374,"time":"2026-08-11T06:56:00Z","src":"dfo"}},{"type":"Feature","geometry":{"type":"Point","coordinates":[-128.029,50.513]},"properties":{"id":"08735","name":"Winter Harbour","prov":"","kind":"coastal","level":3.834,"time":"2026-08-11T06:56:00Z","src":"dfo"}},{"type":"Feature","geometry":{"type":"Point","coordinates":[-94.1919,58.77343]},"properties":{"id":"05010","name":"Churchill","prov":"","kind":"coastal","level":1.731,"time":"2026-08-11T06:54:00Z","src":"dfo"}},{"type":"Feature","geometry":{"type":"Point","coordinates":[-123.3929,48.64922]},"properties":{"id":"07260","name":"Sidney","prov":"","kind":"coastal","level":3.005,"time":"2026-08-11T06:55:00Z","src":"dfo"}},{"type":"Feature","geometry":{"type":"Point","coordinates":[-73.5673,45.5017]},"properties":{"id":"orrpb-river-montreal-archipelago","name":"Montreal Archipelago","prov":"ON/QC","kind":"river","src":"orrpb"}},{"type":"Feature","geometry":{"type":"Point","coordinates":[-79.1575,46.8075]},"properties":{"id":"orrpb-river-ottawa-river-at-temiscaming","name":"Ottawa River at Temiscaming","prov":"ON/QC","kind":"river","src":"orrpb"}},{"type":"Feature","geometry":{"type":"Point","coordinates":[-74.6089,45.6311]},"properties":{"id":"orrpb-river-grenville","name":"Grenville","prov":"ON/QC","kind":"river","src":"orrpb"}},{"type":"Feature","geometry":{"type":"Point","coordinates":[-75.242,45.588]},"properties":{"id":"orrpb-river-thurso","name":"Thurso","prov":"ON/QC","kind":"river","src":"orrpb"}},{"type":"Feature","geometry":{"type":"Point","coordinates":[-75.7066,45.4314]},"properties":{"id":"orrpb-river-gatineau-hull","name":"Gatineau (Hull)","prov":"ON/QC","kind":"river","src":"orrpb"}},{"type":"Feature","geometry":{"type":"Point","coordinates":[-76.7433,45.8394]},"properties":{"id":"orrpb-river-lake-coulonge-at-fort-coulonge","name":"Lake Coulonge at Fort-Coulonge","prov":"ON/QC","kind":"river","src":"orrpb"}},{"type":"Feature","geometry":{"type":"Point","coordinates":[-74.417,45.573]},"properties":{"id":"orrpb-river-ottawa-river-at-carillon","name":"Ottawa River at Carillon","prov":"ON/QC","kind":"river","src":"orrpb"}},{"type":"Feature","geometry":{"type":"Point","coordinates":[-75.805,45.365]},"properties":{"id":"orrpb-river-lake-deschenes-at-britannia-ottawa","name":"Lake Deschenes at Britannia (Ottawa)","prov":"ON/QC","kind":"river","src":"orrpb"}},{"type":"Feature","geometry":{"type":"Point","coordinates":[-76.4347,45.4888]},"properties":{"id":"orrpb-river-ottawa-river-at-chats-falls-gs","name":"Ottawa River at Chats Falls GS","prov":"ON/QC","kind":"river","src":"orrpb"}},{"type":"Feature","geometry":{"type":"Point","coordinates":[-76.6742,45.6125]},"properties":{"id":"orrpb-river-ottawa-river-at-chenaux-gs","name":"Ottawa River at Chenaux GS","prov":"ON/QC","kind":"river","src":"orrpb"}},{"type":"Feature","geometry":{"type":"Point","coordinates":[-77.117,45.829]},"properties":{"id":"orrpb-river-pembroke","name":"Pembroke","prov":"ON/QC","kind":"river","src":"orrpb"}},{"type":"Feature","geometry":{"type":"Point","coordinates":[-77.7492,46.1894]},"properties":{"id":"orrpb-river-des-joachims","name":"Des Joachims","prov":"ON/QC","kind":"river","src":"orrpb"}},{"type":"Feature","geometry":{"type":"Point","coordinates":[-78.7042,46.3075]},"properties":{"id":"orrpb-river-mattawa","name":"Mattawa","prov":"ON/QC","kind":"river","src":"orrpb"}},{"type":"Feature","geometry":{"type":"Point","coordinates":[-78.7794,46.4017]},"properties":{"id":"orrpb-river-ottawa-river-at-otto-holden-gs","name":"Ottawa River at Otto Holden GS","prov":"ON/QC","kind":"river","src":"orrpb"}},{"type":"Feature","geometry":{"type":"Point","coordinates":[-79.6298,47.45]},"properties":{"id":"orrpb-reservoir-timiskaming-at-haileybury","name":"Timiskaming at Haileybury","prov":"ON/QC","kind":"reservoir","src":"orrpb","resName":"Lake Timiskaming","resOperator":"PSPC (Ottawa River regulation)","capacityKm3":1.22,"fslM":179.56}},{"type":"Feature","geometry":{"type":"Point","coordinates":[-75.7089,46.0139]},"properties":{"id":"orrpb-reservoir-poisson-blanc","name":"Poisson Blanc","prov":"ON/QC","kind":"reservoir","src":"orrpb"}},{"type":"Feature","geometry":{"type":"Point","coordinates":[-75.0719,46.6708]},"properties":{"id":"orrpb-reservoir-kiamika","name":"Kiamika","prov":"ON/QC","kind":"reservoir","src":"orrpb"}},{"type":"Feature","geometry":{"type":"Point","coordinates":[-75.0683,47.35]},"properties":{"id":"orrpb-reservoir-mitchinamecus","name":"Mitchinamecus","prov":"ON/QC","kind":"reservoir","src":"orrpb"}},{"type":"Feature","geometry":{"type":"Point","coordinates":[-75.8336,46.8014]},"properties":{"id":"orrpb-reservoir-baskatong","name":"Baskatong","prov":"ON/QC","kind":"reservoir","src":"orrpb","resName":"Baskatong Reservoir","resOperator":"Hydro-Qu\u00e9bec","capacityKm3":3.05,"fslM":223.14}},{"type":"Feature","geometry":{"type":"Point","coordinates":[-76.5769,47.3325]},"properties":{"id":"orrpb-reservoir-cabonga","name":"Cabonga","prov":"ON/QC","kind":"reservoir","src":"orrpb","resName":"Cabonga Reservoir","resOperator":"Hydro-Qu\u00e9bec","capacityKm3":1.57,"fslM":360.88}},{"type":"Feature","geometry":{"type":"Point","coordinates":[-77.8014,45.4072]},"properties":{"id":"orrpb-reservoir-bark-lake","name":"Bark Lake","prov":"ON/QC","kind":"reservoir","src":"orrpb"}},{"type":"Feature","geometry":{"type":"Point","coordinates":[-77.7492,46.1894]},"properties":{"id":"orrpb-reservoir-des-joachims","name":"Des Joachims","prov":"ON/QC","kind":"reservoir","src":"orrpb"}},{"type":"Feature","geometry":{"type":"Point","coordinates":[-79.104,46.719]},"properties":{"id":"orrpb-reservoir-timiskaming-at-temiscaming","name":"Timiskaming at Temiscaming","prov":"ON/QC","kind":"reservoir","src":"orrpb"}},{"type":"Feature","geometry":{"type":"Point","coordinates":[-79.2698,47.0418]},"properties":{"id":"orrpb-reservoir-kipawa","name":"Kipawa","prov":"ON/QC","kind":"reservoir","src":"orrpb"}},{"type":"Feature","geometry":{"type":"Point","coordinates":[-80.0206,47.4053]},"properties":{"id":"orrpb-reservoir-lady-evelyn","name":"Lady Evelyn","prov":"ON/QC","kind":"reservoir","src":"orrpb"}},{"type":"Feature","geometry":{"type":"Point","coordinates":[-79.1743,47.5702]},"properties":{"id":"orrpb-reservoir-quinze","name":"Quinze","prov":"ON/QC","kind":"reservoir","src":"orrpb"}},{"type":"Feature","geometry":{"type":"Point","coordinates":[-78.3128,47.7689]},"properties":{"id":"orrpb-reservoir-rapide-7","name":"Rapide-7","prov":"ON/QC","kind":"reservoir","src":"orrpb"}},{"type":"Feature","geometry":{"type":"Point","coordinates":[-77.0967,47.4972]},"properties":{"id":"orrpb-reservoir-dozois","name":"Dozois","prov":"ON/QC","kind":"reservoir","src":"orrpb","resName":"Dozois Reservoir","resOperator":"Hydro-Qu\u00e9bec","capacityKm3":1.86,"fslM":345.95}},{"type":"Feature","geometry":{"type":"Point","coordinates":[-74.18551,47.53708]},"properties":{"id":"hq-1-15957","name":"Manouane-A Barrage aval","prov":"QC","kind":"river","level":416.72,"time":"2026-08-10T19:00:00Z","src":"hq"}},{"type":"Feature","geometry":{"type":"Point","coordinates":[-74.98146,48.64748]},"properties":{"id":"hq-1-15412","name":"R\u00e9servoir Gouin Nord","prov":"QC","kind":"reservoir","level":404.06,"time":"2026-08-10T19:00:00Z","src":"hq","resName":"Gouin Reservoir","resOperator":"Hydro-Qu\u00e9bec","capacityKm3":8.5,"fslM":405.08,"fillPct":91.5,"estStorageKm3":7.78}},{"type":"Feature","geometry":{"type":"Point","coordinates":[-72.33416,54.52756]},"properties":{"id":"hq-1-15838","name":"Lac des Oeufs","prov":"QC","kind":"reservoir","level":436.78,"time":"2026-08-10T19:00:00Z","src":"hq"}},{"type":"Feature","geometry":{"type":"Point","coordinates":[-63.37519,51.35557]},"properties":{"id":"hq-1-10782","name":"Garneau (CM5S)","prov":"QC","kind":"river","level":399.96,"time":"2026-08-10T19:00:00Z","src":"hq"}},{"type":"Feature","geometry":{"type":"Point","coordinates":[-63.487,51.3496]},"properties":{"id":"hq-1-15818","name":"Romaine-4 Barrage amont","prov":"QC","kind":"reservoir","level":458.35,"time":"2026-08-10T19:00:00Z","src":"hq"}},{"type":"Feature","geometry":{"type":"Point","coordinates":[-63.48808,51.3478]},"properties":{"id":"hq-1-15816","name":"Romaine-4 Centrale amont","prov":"QC","kind":"reservoir","level":458.35,"time":"2026-08-10T19:00:00Z","src":"hq"}},{"type":"Feature","geometry":{"type":"Point","coordinates":[-63.4843,51.3481]},"properties":{"id":"hq-1-15817","name":"Romaine-4 Centrale aval","prov":"QC","kind":"river","level":365.66,"time":"2026-08-10T19:00:00Z","src":"hq"}},{"type":"Feature","geometry":{"type":"Point","coordinates":[-74.03349,45.30036]},"properties":{"id":"hq-1-15746","name":"Saint-Timoth\u00e9e Barrage temporaire","prov":"QC","kind":"river","level":35.4,"time":"2026-08-10T19:00:00Z","src":"hq"}},{"type":"Feature","geometry":{"type":"Point","coordinates":[-69.4241,50.795]},"properties":{"id":"hq-1-7290","name":"Rivi\u00e8re aux Outardes (CM5W)","prov":"QC","kind":"river","level":384.14,"time":"2026-08-10T19:00:00Z","src":"hq"}},{"type":"Feature","geometry":{"type":"Point","coordinates":[-72.57526,47.1784]},"properties":{"id":"hq-1-15681","name":"Rivi\u00e8re Reed (CM5Q)","prov":"QC","kind":"river","level":208.13,"time":"2026-08-10T19:00:00Z","src":"hq"}},{"type":"Feature","geometry":{"type":"Point","coordinates":[-77.07756,47.67205]},"properties":{"id":"hq-1-15680","name":"Rivi\u00e8re Chochocouane (CM5U)","prov":"QC","kind":"river","level":351.86,"time":"2026-08-10T19:00:00Z","src":"hq"}},{"type":"Feature","geometry":{"type":"Point","coordinates":[-63.12932,51.09416]},"properties":{"id":"hq-1-15679","name":"Abb\u00e9 Huard (CM5T)","prov":"QC","kind":"river","level":285.54,"time":"2026-08-10T19:00:00Z","src":"hq"}},{"type":"Feature","geometry":{"type":"Point","coordinates":[-73.97244,47.99574]},"properties":{"id":"hq-1-15674","name":"Rivi\u00e8re Ruban (CM5R)","prov":"QC","kind":"river","level":359.33,"time":"2026-08-10T19:00:00Z","src":"hq"}},{"type":"Feature","geometry":{"type":"Point","coordinates":[-74.03929,46.81342]},"properties":{"id":"hq-1-15671","name":"Rivi\u00e8re Milieu (CM5N)","prov":"QC","kind":"river","level":377.58,"time":"2026-08-10T19:00:00Z","src":"hq"}},{"type":"Feature","geometry":{"type":"Point","coordinates":[-72.765,46.536]},"properties":{"id":"hq-1-15745","name":"Melville amont","prov":"QC","kind":"reservoir","level":75.5,"time":"2026-08-10T19:00:00Z","src":"hq"}},{"type":"Feature","geometry":{"type":"Point","coordinates":[-73.26186,45.44512]},"properties":{"id":"hq-1-15586","name":"Chambly","prov":"QC","kind":"river","level":18.63,"time":"2026-08-10T19:00:00Z","src":"hq"}},{"type":"Feature","geometry":{"type":"Point","coordinates":[-76.7651,45.75581]},"properties":{"id":"hq-1-15569","name":"Rocher Fendu amont (CM6B)","prov":"QC","kind":"reservoir","level":105.97,"time":"2026-08-10T19:00:00Z","src":"hq"}},{"type":"Feature","geometry":{"type":"Point","coordinates":[-63.16713,50.64163]},"properties":{"id":"hq-1-15616","name":"Rivi\u00e8re Romaine Sud-Est (CMRR)","prov":"QC","kind":"river","level":109.93,"time":"2026-08-10T19:00:00Z","src":"hq"}},{"type":"Feature","geometry":{"type":"Point","coordinates":[-63.8381,51.9175]},"properties":{"id":"hq-1-11212","name":"Rivi\u00e8re aux Sauterelles (CM2R)","prov":"QC","kind":"river","level":459.35,"time":"2026-08-10T20:00:00Z","src":"hq"}},{"type":"Feature","geometry":{"type":"Point","coordinates":[-68.1568,54.2437]},"properties":{"id":"hq-1-15504","name":"Lac Falaise (CM2O)","prov":"QC","kind":"reservoir","level":542.77,"time":"2026-08-10T19:00:00Z","src":"hq"}},{"type":"Feature","geometry":{"type":"Point","coordinates":[-67.4768,50.9648]},"properties":{"id":"hq-1-15488","name":"Toulnustouc Nord-Est (CM3M)","prov":"QC","kind":"river","level":471.63,"time":"2026-08-10T19:00:00Z","src":"hq"}},{"type":"Feature","geometry":{"type":"Point","coordinates":[-63.7747,51.9481]},"properties":{"id":"hq-1-10773","name":"Lac Uauahk (ROMA0856, CMRV)","prov":"QC","kind":"reservoir","level":459.15,"time":"2026-08-10T19:00:00Z","src":"hq"}},{"type":"Feature","geometry":{"type":"Point","coordinates":[-75.399,48.4754]},"properties":{"id":"hq-1-15413","name":"R\u00e9servoir Gouin Sud","prov":"QC","kind":"reservoir","level":404.08,"time":"2026-08-10T19:00:00Z","src":"hq"}},{"type":"Feature","geometry":{"type":"Point","coordinates":[-79.3328,47.5757]},"properties":{"id":"hq-1-15371","name":"Rapides-des-\u00celes Barrage amont","prov":"QC","kind":"reservoir","level":227.66,"time":"2026-08-10T19:00:00Z","src":"hq"}},{"type":"Feature","geometry":{"type":"Point","coordinates":[-73.3123,53.0653]},"properties":{"id":"hq-1-15345","name":"Jacquelein (CM4H)","prov":"QC","kind":"river","level":379.93,"time":"2026-08-10T19:00:00Z","src":"hq"}},{"type":"Feature","geometry":{"type":"Point","coordinates":[-72.4268,52.5261]},"properties":{"id":"hq-1-15372","name":"Rivi\u00e8re Misask (CM5L)","prov":"QC","kind":"river","level":409.97,"time":"2026-08-10T19:00:00Z","src":"hq"}},{"type":"Feature","geometry":{"type":"Point","coordinates":[-74.0364,51.5469]},"properties":{"id":"hq-1-15350","name":"Lac des Pygargues (CM4M)","prov":"QC","kind":"reservoir","level":334.9,"time":"2026-08-10T19:00:00Z","src":"hq"}},{"type":"Feature","geometry":{"type":"Point","coordinates":[-71.4283,54.4661]},"properties":{"id":"hq-1-15353","name":"Sheshamush (CM4P)","prov":"QC","kind":"river","level":449.84,"time":"2026-08-10T19:00:00Z","src":"hq"}},{"type":"Feature","geometry":{"type":"Point","coordinates":[-75.9101,52.5932]},"properties":{"id":"hq-1-15344","name":"Gipouloux (CM4G)","prov":"QC","kind":"river","level":220.32,"time":"2026-08-10T19:00:00Z","src":"hq"}},{"type":"Feature","geometry":{"type":"Point","coordinates":[-69.9135,49.9766]},"properties":{"id":"hq-1-7292","name":"Betsiamites (CMBS)","prov":"QC","kind":"river","level":406.19,"time":"2026-08-10T19:00:00Z","src":"hq"}},{"type":"Feature","geometry":{"type":"Point","coordinates":[-70.9375,53.17639]},"properties":{"id":"hq-1-11133","name":"Lac Nichicun (CMFF)","prov":"QC","kind":"reservoir","level":528.85,"time":"2026-08-10T19:00:00Z","src":"hq"}},{"type":"Feature","geometry":{"type":"Point","coordinates":[-72.7903,53.7599]},"properties":{"id":"hq-1-15085","name":"LG4 Apport (CM3Z)","prov":"QC","kind":"river","level":390.91,"time":"2026-08-10T19:00:00Z","src":"hq"}},{"type":"Feature","geometry":{"type":"Point","coordinates":[-74.03762,45.29399]},"properties":{"id":"hq-1-15007","name":"Saint-Timoth\u00e9e amont","prov":"QC","kind":"reservoir","level":35.33,"time":"2026-08-10T19:00:00Z","src":"hq"}},{"type":"Feature","geometry":{"type":"Point","coordinates":[-76.1723,46.3801]},"properties":{"id":"hq-1-14591","name":"Rivi\u00e8re de l'Aigle","prov":"QC","kind":"river","level":178.38,"time":"2026-08-10T19:00:00Z","src":"hq"}},{"type":"Feature","geometry":{"type":"Point","coordinates":[-68.7104,49.7613]},"properties":{"id":"hq-1-14334","name":"Rivi\u00e8re Vallant","prov":"QC","kind":"river","level":191.65,"time":"2026-08-10T19:00:00Z","src":"hq"}},{"type":"Feature","geometry":{"type":"Point","coordinates":[-68.4124,51.9419]},"properties":{"id":"hq-1-14284","name":"Rivi\u00e8re Th\u00e9mines","prov":"QC","kind":"river","level":375.95,"time":"2026-08-10T19:00:00Z","src":"hq"}},{"type":"Feature","geometry":{"type":"Point","coordinates":[-68.56,48.0004]},"properties":{"id":"hq-1-14294","name":"Rivi\u00e8re Horton","prov":"QC","kind":"river","level":219.54,"time":"2026-08-10T19:00:00Z","src":"hq"}},{"type":"Feature","geometry":{"type":"Point","coordinates":[-69.6078,49.3956]},"properties":{"id":"hq-1-14274","name":"Rivi\u00e8re aux Brochets","prov":"QC","kind":"river","level":144.87,"time":"2026-08-10T19:00:00Z","src":"hq"}},{"type":"Feature","geometry":{"type":"Point","coordinates":[-76.0671,46.902]},"properties":{"id":"hq-1-14264","name":"Rivi\u00e8re Gens de Terre","prov":"QC","kind":"river","level":227.09,"time":"2026-08-10T19:00:00Z","src":"hq"}},{"type":"Feature","geometry":{"type":"Point","coordinates":[-63.26,50.39]},"properties":{"id":"hq-1-14186","name":"Romaine-1 Barrage amont","prov":"QC","kind":"reservoir","level":81.52,"time":"2026-08-10T19:00:00Z","src":"hq"}},{"type":"Feature","geometry":{"type":"Point","coordinates":[-63.2506,50.3881]},"properties":{"id":"hq-1-14142","name":"Romaine-1 Centrale amont","prov":"QC","kind":"reservoir","level":81.53,"time":"2026-08-10T19:00:00Z","src":"hq"}},{"type":"Feature","geometry":{"type":"Point","coordinates":[-63.2567,50.3856]},"properties":{"id":"hq-1-14143","name":"Romaine-1 Centrale aval","prov":"QC","kind":"river","level":19.2,"time":"2026-08-10T19:00:00Z","src":"hq"}},{"type":"Feature","geometry":{"type":"Point","coordinates":[-77.40478,47.72276]},"properties":{"id":"hq-1-12314","name":"Grand Lac Victoria (CMIR)","prov":"QC","kind":"reservoir","level":324.01,"time":"2026-08-10T19:00:00Z","src":"hq"}},{"type":"Feature","geometry":{"type":"Point","coordinates":[-68.933,49.6649]},"properties":{"id":"hq-1-12323","name":"Chevalier (CMDV)","prov":"QC","kind":"river","level":271.87,"time":"2026-08-10T19:00:00Z","src":"hq"}},{"type":"Feature","geometry":{"type":"Point","coordinates":[-73.9497,48.5715]},"properties":{"id":"hq-1-12315","name":"Rivi\u00e8re Wabano","prov":"QC","kind":"river","level":394.36,"time":"2026-08-10T19:00:00Z","src":"hq"}},{"type":"Feature","geometry":{"type":"Point","coordinates":[-63.2226,50.6717]},"properties":{"id":"hq-1-12253","name":"Romaine-2 Barrage amont","prov":"QC","kind":"reservoir","level":243.6,"time":"2026-08-10T19:00:00Z","src":"hq"}},{"type":"Feature","geometry":{"type":"Point","coordinates":[-63.1941,50.6]},"properties":{"id":"hq-1-12152","name":"Romaine-2 Centrale aval","prov":"QC","kind":"river","level":83.27,"time":"2026-08-10T19:00:00Z","src":"hq"}},{"type":"Feature","geometry":{"type":"Point","coordinates":[-63.4009,51.1114]},"properties":{"id":"hq-1-15010","name":"Romaine-3 Centrale aval","prov":"QC","kind":"river","level":243.56,"time":"2026-08-10T19:00:00Z","src":"hq"}},{"type":"Feature","geometry":{"type":"Point","coordinates":[-63.4097,51.1288]},"properties":{"id":"hq-1-15009","name":"Romaine-3 Centrale amont","prov":"QC","kind":"reservoir","level":365.53,"time":"2026-08-10T19:00:00Z","src":"hq"}},{"type":"Feature","geometry":{"type":"Point","coordinates":[-63.1941,50.6245]},"properties":{"id":"hq-1-12142","name":"Romaine-2 Centrale amont","prov":"QC","kind":"reservoir","level":243.56,"time":"2026-08-10T19:00:00Z","src":"hq"}},{"type":"Feature","geometry":{"type":"Point","coordinates":[-63.4211,51.1325]},"properties":{"id":"hq-1-15008","name":"Romaine-3 Barrage amont","prov":"QC","kind":"reservoir","level":365.53,"time":"2026-08-10T19:00:00Z","src":"hq"}},{"type":"Feature","geometry":{"type":"Point","coordinates":[-68.6981,49.4469]},"properties":{"id":"hq-1-11122","name":"Rivi\u00e8re Caouishtagamac","prov":"QC","kind":"river","level":97.82,"time":"2026-08-10T19:00:00Z","src":"hq"}},{"type":"Feature","geometry":{"type":"Point","coordinates":[-75.3189,54.0414]},"properties":{"id":"hq-1-11132","name":"Rivi\u00e8re Griault","prov":"QC","kind":"river","level":197.28,"time":"2026-08-10T19:00:00Z","src":"hq"}},{"type":"Feature","geometry":{"type":"Point","coordinates":[-70.47775,49.32047]},"properties":{"id":"hq-1-11112","name":"Rivi\u00e8re aux Sables","prov":"QC","kind":"river","level":427.51,"time":"2026-08-10T19:00:00Z","src":"hq"}},{"type":"Feature","geometry":{"type":"Point","coordinates":[-68.36,53.2011]},"properties":{"id":"hq-1-11092","name":"Lac Raimbault (CM5H)","prov":"QC","kind":"reservoir","level":590.28,"time":"2026-08-10T19:00:00Z","src":"hq"}},{"type":"Feature","geometry":{"type":"Point","coordinates":[-74.1089,53.3922]},"properties":{"id":"hq-1-11103","name":"Lac Corvette","prov":"QC","kind":"reservoir","level":328.56,"time":"2026-08-10T19:00:00Z","src":"hq"}},{"type":"Feature","geometry":{"type":"Point","coordinates":[-70.7614,54.7708]},"properties":{"id":"hq-1-11123","name":"Lac N\u00e9ret","prov":"QC","kind":"reservoir","level":480.93,"time":"2026-08-10T19:00:00Z","src":"hq"}},{"type":"Feature","geometry":{"type":"Point","coordinates":[-74.2764,53.9244]},"properties":{"id":"hq-1-11102","name":"Rivi\u00e8re Salleneuve","prov":"QC","kind":"river","level":254.94,"time":"2026-08-10T19:00:00Z","src":"hq"}},{"type":"Feature","geometry":{"type":"Point","coordinates":[-68.33417,49.19444]},"properties":{"id":"hq-1-10862","name":"Manic-1 amont","prov":"QC","kind":"reservoir","level":37.28,"time":"2026-08-10T19:00:00Z","src":"hq"}},{"type":"Feature","geometry":{"type":"Point","coordinates":[-74.8361,53.2039]},"properties":{"id":"hq-1-2909","name":"Lac Fr\u00e9gate (CQLF)","prov":"QC","kind":"reservoir","level":315.9,"time":"2026-08-10T19:00:00Z","src":"hq"}},{"type":"Feature","geometry":{"type":"Point","coordinates":[-73.3756,47.7867]},"properties":{"id":"hq-1-10653","name":"Rapides-des-Coeurs Barrage amont","prov":"QC","kind":"reservoir","level":299.61,"time":"2026-08-10T19:00:00Z","src":"hq"}},{"type":"Feature","geometry":{"type":"Point","coordinates":[-72.8722,51.0825]},"properties":{"id":"hq-1-10452","name":"Rivi\u00e8re T\u00e9miscamie HQP","prov":"QC","kind":"river","level":391.81,"time":"2026-08-10T19:00:00Z","src":"hq"}},{"type":"Feature","geometry":{"type":"Point","coordinates":[-73.1256,51.1186]},"properties":{"id":"hq-1-10482","name":"Lac Albanel (CGLN)","prov":"QC","kind":"reservoir","level":388.36,"time":"2026-08-10T19:00:00Z","src":"hq"}},{"type":"Feature","geometry":{"type":"Point","coordinates":[-73.0278,47.375]},"properties":{"id":"hq-1-10333","name":"Cinconsine","prov":"QC","kind":"river","level":246.09,"time":"2026-08-10T19:00:00Z","src":"hq"}},{"type":"Feature","geometry":{"type":"Point","coordinates":[-76.0415,52.1782]},"properties":{"id":"hq-1-10331","name":"Eastmain 1A Centrale amont","prov":"QC","kind":"reservoir","level":281.83,"time":"2026-08-10T19:00:00Z","src":"hq"}},{"type":"Feature","geometry":{"type":"Point","coordinates":[-76.0423,52.1798]},"properties":{"id":"hq-1-10332","name":"Eastmain 1A Centrale aval","prov":"QC","kind":"river","level":218.45,"time":"2026-08-10T19:00:00Z","src":"hq"}},{"type":"Feature","geometry":{"type":"Point","coordinates":[-73.0654,46.8917]},"properties":{"id":"hq-1-10112","name":"Rivi\u00e8re Matawin","prov":"QC","kind":"river","level":188.62,"time":"2026-08-10T19:00:00Z","src":"hq"}},{"type":"Feature","geometry":{"type":"Point","coordinates":[-73.7423,46.8069]},"properties":{"id":"hq-1-10111","name":"Taureau","prov":"QC","kind":"river","level":357.83,"time":"2026-08-10T19:00:00Z","src":"hq"}},{"type":"Feature","geometry":{"type":"Point","coordinates":[-66.7734,50.7018]},"properties":{"id":"hq-1-10005","name":"Sainte-Marguerite-3 Aval Pk75","prov":"QC","kind":"river","level":69.91,"time":"2026-08-10T19:00:00Z","src":"hq"}},{"type":"Feature","geometry":{"type":"Point","coordinates":[-78.8832,53.784]},"properties":{"id":"hq-1-9713","name":"Village Chisasibi HQP","prov":"QC","kind":"river","level":0.76,"time":"2026-08-10T19:00:00Z","src":"hq"}},{"type":"Feature","geometry":{"type":"Point","coordinates":[-75.4235,51.9783]},"properties":{"id":"hq-1-9697","name":"Nemiscau-1 Barrage amont HQP","prov":"QC","kind":"reservoir","level":294.76,"time":"2026-08-10T19:00:00Z","src":"hq"}},{"type":"Feature","geometry":{"type":"Point","coordinates":[-75.358,51.905]},"properties":{"id":"hq-1-9700","name":"Nemiscau-2 Barrage aval HQP","prov":"QC","kind":"river","level":293.84,"time":"2026-08-10T19:00:00Z","src":"hq"}},{"type":"Feature","geometry":{"type":"Point","coordinates":[-75.4322,51.9791]},"properties":{"id":"hq-1-9698","name":"Nemiscau-1 Barrage aval HQP","prov":"QC","kind":"river","level":290.27,"time":"2026-08-10T19:00:00Z","src":"hq"}},{"type":"Feature","geometry":{"type":"Point","coordinates":[-75.8795,52.217]},"properties":{"id":"hq-1-9701","name":"Rivi\u00e8re \u00e0 l'Eau Claire (HQP)","prov":"QC","kind":"river","level":224.59,"time":"2026-08-10T19:00:00Z","src":"hq"}},{"type":"Feature","geometry":{"type":"Point","coordinates":[-75.116,51.954]},"properties":{"id":"hq-1-9705","name":"Rivi\u00e8re Nemiscau HQP","prov":"QC","kind":"river","level":298.63,"time":"2026-08-10T19:00:00Z","src":"hq"}},{"type":"Feature","geometry":{"type":"Point","coordinates":[-75.3467,51.916]},"properties":{"id":"hq-1-9699","name":"Nemiscau-2 Barrage amont HQP","prov":"QC","kind":"reservoir","level":296.33,"time":"2026-08-10T19:00:00Z","src":"hq"}},{"type":"Feature","geometry":{"type":"Point","coordinates":[-74.96194,51.82583]},"properties":{"id":"hq-1-9703","name":"Rivi\u00e8re Lemare HQP","prov":"QC","kind":"river","level":313.75,"time":"2026-08-10T19:00:00Z","src":"hq"}},{"type":"Feature","geometry":{"type":"Point","coordinates":[-75.3109,51.8034]},"properties":{"id":"hq-1-9736","name":"Rupert Tunnel de Transfert aval HQP","prov":"QC","kind":"river","level":297.07,"time":"2026-08-10T19:00:00Z","src":"hq"}},{"type":"Feature","geometry":{"type":"Point","coordinates":[-75.3128,51.7707]},"properties":{"id":"hq-1-9735","name":"Rupert Tunnel de Transfert amont HQP","prov":"QC","kind":"reservoir","level":305.48,"time":"2026-08-10T19:00:00Z","src":"hq"}},{"type":"Feature","geometry":{"type":"Point","coordinates":[-75.3124,51.7723]},"properties":{"id":"hq-1-9737","name":"Rupert bassin de mise-en-charge Tunnel HQP","prov":"QC","kind":"river","level":300.58,"time":"2026-08-10T19:00:00Z","src":"hq"}},{"type":"Feature","geometry":{"type":"Point","coordinates":[-75.37806,51.74139]},"properties":{"id":"hq-1-9667","name":"Lemare Barrage amont HQP","prov":"QC","kind":"reservoir","level":305.56,"time":"2026-08-10T19:00:00Z","src":"hq"}},{"type":"Feature","geometry":{"type":"Point","coordinates":[-76.17694,53.43667]},"properties":{"id":"hq-1-9738","name":"Rivi\u00e8re Sakami HQP","prov":"QC","kind":"river","level":186.83,"time":"2026-08-10T19:00:00Z","src":"hq"}},{"type":"Feature","geometry":{"type":"Point","coordinates":[-75.38972,51.73722]},"properties":{"id":"hq-1-9679","name":"Lemare Barrage aval HQP","prov":"QC","kind":"river","level":296.18,"time":"2026-08-10T19:00:00Z","src":"hq"}},{"type":"Feature","geometry":{"type":"Point","coordinates":[-73.8078,51.043]},"properties":{"id":"hq-1-9707","name":"Lac Mistassini aval HQP","prov":"QC","kind":"reservoir","level":373.32,"time":"2026-08-10T19:00:00Z","src":"hq"}},{"type":"Feature","geometry":{"type":"Point","coordinates":[-75.4077,51.52]},"properties":{"id":"hq-1-9712","name":"Rupert Barrage aval HQP","prov":"QC","kind":"river","level":283.55,"time":"2026-08-10T19:00:00Z","src":"hq"}},{"type":"Feature","geometry":{"type":"Point","coordinates":[-74.8827,51.595]},"properties":{"id":"hq-1-9704","name":"Rivi\u00e8re Misticawissich HQP","prov":"QC","kind":"river","level":307.51,"time":"2026-08-10T19:00:00Z","src":"hq"}},{"type":"Feature","geometry":{"type":"Point","coordinates":[-73.909,51.924]},"properties":{"id":"hq-1-9702","name":"\u00cele le Veneur (HQP)","prov":"QC","kind":"river","level":334.51,"time":"2026-08-10T19:00:00Z","src":"hq"}},{"type":"Feature","geometry":{"type":"Point","coordinates":[-75.2485,51.4535]},"properties":{"id":"hq-1-9666","name":"Lac Mesgouez HQP","prov":"QC","kind":"reservoir","level":307.72,"time":"2026-08-10T19:00:00Z","src":"hq"}},{"type":"Feature","geometry":{"type":"Point","coordinates":[-75.33,51.865]},"properties":{"id":"hq-1-9709","name":"Ruisseau-Arques Digue amont HQP","prov":"QC","kind":"reservoir","level":296.74,"time":"2026-08-10T19:00:00Z","src":"hq"}},{"type":"Feature","geometry":{"type":"Point","coordinates":[-73.581,51.11]},"properties":{"id":"hq-1-9708","name":"Lac Mistassini HQP","prov":"QC","kind":"reservoir","level":374.53,"time":"2026-08-10T19:00:00Z","src":"hq"}},{"type":"Feature","geometry":{"type":"Point","coordinates":[-75.335,51.862]},"properties":{"id":"hq-1-9710","name":"Ruisseau-Arques Digue aval HQP","prov":"QC","kind":"river","level":291.22,"time":"2026-08-10T19:00:00Z","src":"hq"}},{"type":"Feature","geometry":{"type":"Point","coordinates":[-75.3973,51.525]},"properties":{"id":"hq-1-9711","name":"Rupert Barrage amont HQP","prov":"QC","kind":"reservoir","level":305.85,"time":"2026-08-10T19:00:00Z","src":"hq"}},{"type":"Feature","geometry":{"type":"Point","coordinates":[-76.7468,51.443]},"properties":{"id":"hq-1-9706","name":"Lac Nemiscau HQP","prov":"QC","kind":"reservoir","level":230.73,"time":"2026-08-10T19:00:00Z","src":"hq"}},{"type":"Feature","geometry":{"type":"Point","coordinates":[-73.718,47.893]},"properties":{"id":"hq-1-10354","name":"Chute-Allard Barrage amont","prov":"QC","kind":"reservoir","level":346.0,"time":"2026-08-10T19:00:00Z","src":"hq"}},{"type":"Feature","geometry":{"type":"Point","coordinates":[-73.3733,47.7866]},"properties":{"id":"hq-1-9061","name":"Rapides-des-Coeurs Centrale aval","prov":"QC","kind":"river","level":276.7,"time":"2026-08-10T19:00:00Z","src":"hq"}},{"type":"Feature","geometry":{"type":"Point","coordinates":[-73.3756,47.7867]},"properties":{"id":"hq-1-9060","name":"Rapides-des-Coeurs Centrale amont","prov":"QC","kind":"reservoir","level":299.61,"time":"2026-08-10T19:00:00Z","src":"hq"}},{"type":"Feature","geometry":{"type":"Point","coordinates":[-71.1814,49.5069]},"properties":{"id":"hq-1-9217","name":"P\u00e9ribonka Centrale aval","prov":"QC","kind":"river","level":174.61,"time":"2026-08-10T19:00:00Z","src":"hq"}},{"type":"Feature","geometry":{"type":"Point","coordinates":[-71.1822,49.5075]},"properties":{"id":"hq-1-9216","name":"P\u00e9ribonka Centrale amont","prov":"QC","kind":"reservoir","level":244.06,"time":"2026-08-10T19:00:00Z","src":"hq"}},{"type":"Feature","geometry":{"type":"Point","coordinates":[-72.6812,47.5201]},"properties":{"id":"hq-1-7294","name":"Rivi\u00e8re Bostonnais","prov":"QC","kind":"river","level":186.45,"time":"2026-08-10T19:00:00Z","src":"hq"}},{"type":"Feature","geometry":{"type":"Point","coordinates":[-72.8951,47.9092]},"properties":{"id":"hq-1-7318","name":"Rivi\u00e8re Trenche","prov":"QC","kind":"river","level":259.98,"time":"2026-08-10T19:00:00Z","src":"hq"}},{"type":"Feature","geometry":{"type":"Point","coordinates":[-75.9834,46.7169]},"properties":{"id":"hq-1-9146","name":"Mercier Centrale aval","prov":"QC","kind":"river","level":201.28,"time":"2026-08-10T19:00:00Z","src":"hq"}},{"type":"Feature","geometry":{"type":"Point","coordinates":[-75.9839,46.7176]},"properties":{"id":"hq-1-9145","name":"Mercier Centrale amont","prov":"QC","kind":"reservoir","level":221.46,"time":"2026-08-10T19:00:00Z","src":"hq"}},{"type":"Feature","geometry":{"type":"Point","coordinates":[-73.719,47.8937]},"properties":{"id":"hq-1-9058","name":"Chute-Allard Centrale amont","prov":"QC","kind":"reservoir","level":345.94,"time":"2026-08-10T19:00:00Z","src":"hq"}},{"type":"Feature","geometry":{"type":"Point","coordinates":[-73.7174,47.8922]},"properties":{"id":"hq-1-9059","name":"Chute-Allard centrale aval","prov":"QC","kind":"river","level":328.28,"time":"2026-08-10T19:00:00Z","src":"hq"}},{"type":"Feature","geometry":{"type":"Point","coordinates":[-69.0561,51.6536]},"properties":{"id":"hq-1-2927","name":"Manic-5 Nord-Ouest (CQYO)","prov":"QC","kind":"river","level":348.72,"time":"2026-08-10T19:00:00Z","src":"hq"}},{"type":"Feature","geometry":{"type":"Point","coordinates":[-74.593,52.1687]},"properties":{"id":"hq-1-7244","name":"Gorge Prosper 2 (CMGP)","prov":"QC","kind":"river","level":303.65,"time":"2026-08-10T19:00:00Z","src":"hq"}},{"type":"Feature","geometry":{"type":"Point","coordinates":[-67.9453,50.1033]},"properties":{"id":"hq-1-3003","name":"Lac-Sainte-Anne barrage amont (CMAF)","prov":"QC","kind":"reservoir","level":300.64,"time":"2026-08-10T19:00:00Z","src":"hq"}},{"type":"Feature","geometry":{"type":"Point","coordinates":[-76.0508,52.1822]},"properties":{"id":"hq-1-7618","name":"Eastmain-1 Centrale aval","prov":"QC","kind":"river","level":217.96,"time":"2026-08-10T19:00:00Z","src":"hq"}},{"type":"Feature","geometry":{"type":"Point","coordinates":[-76.0518,52.1801]},"properties":{"id":"hq-1-7616","name":"Eastmain-1 Centrale amont","prov":"QC","kind":"reservoir","level":281.86,"time":"2026-08-10T19:00:00Z","src":"hq"}},{"type":"Feature","geometry":{"type":"Point","coordinates":[-71.7479,54.2707]},"properties":{"id":"hq-1-7272","name":"Lac Vinet","prov":"QC","kind":"reservoir","level":445.54,"time":"2026-08-10T19:00:00Z","src":"hq"}},{"type":"Feature","geometry":{"type":"Point","coordinates":[-73.356,52.0257]},"properties":{"id":"hq-1-7296","name":"Eastmain (CMEN)","prov":"QC","kind":"river","level":364.67,"time":"2026-08-10T19:00:00Z","src":"hq"}},{"type":"Feature","geometry":{"type":"Point","coordinates":[-68.0262,49.9948]},"properties":{"id":"hq-1-7424","name":"Toulnustouc Centrale amont","prov":"QC","kind":"reservoir","level":300.84,"time":"2026-08-10T19:00:00Z","src":"hq"}},{"type":"Feature","geometry":{"type":"Point","coordinates":[-68.163,49.9732]},"properties":{"id":"hq-1-7426","name":"Toulnustouc Centrale aval","prov":"QC","kind":"river","level":127.87,"time":"2026-08-10T19:00:00Z","src":"hq"}},{"type":"Feature","geometry":{"type":"Point","coordinates":[-72.86083,53.72361]},"properties":{"id":"hq-1-7280","name":"Rivi\u00e8re Polaris (CMPW)","prov":"QC","kind":"river","level":391.25,"time":"2026-08-10T19:00:00Z","src":"hq"}},{"type":"Feature","geometry":{"type":"Point","coordinates":[-67.051,51.8966]},"properties":{"id":"hq-1-7314","name":"Rivi\u00e8re Sainte-Marguerite (CMSN)","prov":"QC","kind":"river","level":454.55,"time":"2026-08-10T19:00:00Z","src":"hq"}},{"type":"Feature","geometry":{"type":"Point","coordinates":[-72.6772,46.6149]},"properties":{"id":"hq-1-7346","name":"Rocher-de-Grand-M\u00e8re Centrale amont","prov":"QC","kind":"reservoir","level":102.39,"time":"2026-08-10T19:00:00Z","src":"hq"}},{"type":"Feature","geometry":{"type":"Point","coordinates":[-72.6765,46.6133]},"properties":{"id":"hq-1-7348","name":"Rocher-de-Grand-M\u00e8re Centrale aval","prov":"QC","kind":"river","level":79.58,"time":"2026-08-10T19:00:00Z","src":"hq"}},{"type":"Feature","geometry":{"type":"Point","coordinates":[-68.2904,49.806]},"properties":{"id":"hq-1-7298","name":"Rivi\u00e8re Isoukustouc (CM5Y)","prov":"QC","kind":"river","level":137.36,"time":"2026-08-10T19:00:00Z","src":"hq"}},{"type":"Feature","geometry":{"type":"Point","coordinates":[-69.5079,52.1365]},"properties":{"id":"hq-1-7306","name":"Rivi\u00e8re Mouchalagane (CMRM)","prov":"QC","kind":"river","level":397.35,"time":"2026-08-10T19:00:00Z","src":"hq"}},{"type":"Feature","geometry":{"type":"Point","coordinates":[-72.4618,54.2402]},"properties":{"id":"hq-1-2920","name":"Vincelotte (CQVI, 092725)","prov":"QC","kind":"river","level":436.76,"time":"2026-08-10T19:00:00Z","src":"hq"}},{"type":"Feature","geometry":{"type":"Point","coordinates":[-71.1824,53.6004]},"properties":{"id":"hq-1-7266","name":"Lac Puisseaux 2 (CMPU)","prov":"QC","kind":"reservoir","level":481.4,"time":"2026-08-10T19:00:00Z","src":"hq"}},{"type":"Feature","geometry":{"type":"Point","coordinates":[-69.0775,53.9912]},"properties":{"id":"hq-1-7254","name":"Lac Chastrier (CMLC, 092729)","prov":"QC","kind":"reservoir","level":539.94,"time":"2026-08-10T19:00:00Z","src":"hq"}},{"type":"Feature","geometry":{"type":"Point","coordinates":[-74.4712,53.166]},"properties":{"id":"hq-1-7240","name":"Rivi\u00e8re de Pontois (CMRP)","prov":"QC","kind":"river","level":326.22,"time":"2026-08-10T19:00:00Z","src":"hq"}},{"type":"Feature","geometry":{"type":"Point","coordinates":[-73.9125,45.3153]},"properties":{"id":"hq-1-2955","name":"Beauharnois Centrale aval Ouest","prov":"QC","kind":"river","level":21.32,"time":"2026-08-10T19:00:00Z","src":"hq"}},{"type":"Feature","geometry":{"type":"Point","coordinates":[-73.9064,45.314]},"properties":{"id":"hq-1-2953","name":"Beauharnois Centrale aval Est","prov":"QC","kind":"river","level":21.41,"time":"2026-08-10T19:00:00Z","src":"hq"}},{"type":"Feature","geometry":{"type":"Point","coordinates":[-73.9124,45.3146]},"properties":{"id":"hq-1-2952","name":"Beauharnois Centrale amont Ouest","prov":"QC","kind":"reservoir","level":45.63,"time":"2026-08-10T19:00:00Z","src":"hq"}},{"type":"Feature","geometry":{"type":"Point","coordinates":[-66.7822,50.7114]},"properties":{"id":"hq-1-3635","name":"Sainte-Marguerite-3 Centrale aval","prov":"QC","kind":"river","level":72.17,"time":"2026-08-10T19:00:00Z","src":"hq"}},{"type":"Feature","geometry":{"type":"Point","coordinates":[-76.74333,45.83944]},"properties":{"id":"hq-1-2983","name":"Fort Coulonge","prov":"QC","kind":"river","level":106.0,"time":"2026-08-10T19:00:00Z","src":"hq"}},{"type":"Feature","geometry":{"type":"Point","coordinates":[-66.7886,50.7906]},"properties":{"id":"hq-1-3634","name":"Sainte-Marguerite-3 Centrale amont","prov":"QC","kind":"reservoir","level":403.95,"time":"2026-08-10T19:00:00Z","src":"hq"}},{"type":"Feature","geometry":{"type":"Point","coordinates":[-69.9092,49.2188]},"properties":{"id":"hq-1-14275","name":"Sault aux Cochons Barrage amont","prov":"QC","kind":"reservoir","level":426.97,"time":"2026-08-10T19:00:00Z","src":"hq"}},{"type":"Feature","geometry":{"type":"Point","coordinates":[-76.1564,54.2419]},"properties":{"id":"hq-1-7300","name":"Rivi\u00e8re Kanaaupscow (CMRK)","prov":"QC","kind":"river","level":178.1,"time":"2026-08-10T19:00:00Z","src":"hq"}},{"type":"Feature","geometry":{"type":"Point","coordinates":[-75.96583,46.38278]},"properties":{"id":"hq-1-3033","name":"Maniwaki (040805)","prov":"QC","kind":"river","level":162.86,"time":"2026-08-10T19:00:00Z","src":"hq"}},{"type":"Feature","geometry":{"type":"Point","coordinates":[-77.07866,47.45211]},"properties":{"id":"hq-1-2945","name":"Dozois Est","prov":"QC","kind":"river","level":344.07,"time":"2026-08-10T19:00:00Z","src":"hq"}},{"type":"Feature","geometry":{"type":"Point","coordinates":[-69.2033,50.5386]},"properties":{"id":"hq-1-2931","name":"Outardes-4 Nord","prov":"QC","kind":"river","level":351.08,"time":"2026-08-10T19:00:00Z","src":"hq"}},{"type":"Feature","geometry":{"type":"Point","coordinates":[-68.9876,50.1031]},"properties":{"id":"hq-1-2932","name":"Outardes-4 Sud (CMOS)","prov":"QC","kind":"river","level":351.0,"time":"2026-08-10T19:00:00Z","src":"hq"}},{"type":"Feature","geometry":{"type":"Point","coordinates":[-72.6136,54.1685]},"properties":{"id":"hq-1-3007","name":"Laforge-1 Centrale aval","prov":"QC","kind":"river","level":378.89,"time":"2026-08-10T19:00:00Z","src":"hq"}},{"type":"Feature","geometry":{"type":"Point","coordinates":[-71.2739,54.5942]},"properties":{"id":"hq-1-3008","name":"Laforge-2 Centrale amont","prov":"QC","kind":"reservoir","level":480.88,"time":"2026-08-10T19:00:00Z","src":"hq"}},{"type":"Feature","geometry":{"type":"Point","coordinates":[-78.5692,53.7347]},"properties":{"id":"hq-1-3012","name":"La Grande-1 Centrale amont","prov":"QC","kind":"reservoir","level":31.34,"time":"2026-08-10T19:00:00Z","src":"hq"}},{"type":"Feature","geometry":{"type":"Point","coordinates":[-71.2752,54.594]},"properties":{"id":"hq-1-3009","name":"Laforge-2 Centrale aval","prov":"QC","kind":"river","level":449.5,"time":"2026-08-10T19:00:00Z","src":"hq"}},{"type":"Feature","geometry":{"type":"Point","coordinates":[-78.5697,53.7356]},"properties":{"id":"hq-1-3013","name":"La Grande-1 Centrale aval","prov":"QC","kind":"river","level":4.07,"time":"2026-08-10T19:00:00Z","src":"hq"}},{"type":"Feature","geometry":{"type":"Point","coordinates":[-72.6127,54.1708]},"properties":{"id":"hq-1-3006","name":"Laforge-1 Centrale amont","prov":"QC","kind":"reservoir","level":436.69,"time":"2026-08-10T19:00:00Z","src":"hq"}},{"type":"Feature","geometry":{"type":"Point","coordinates":[-70.1111,49.6058]},"properties":{"id":"hq-1-2921","name":"Bersimis 1 Est (CMBM)","prov":"QC","kind":"river","level":396.97,"time":"2026-08-10T19:00:00Z","src":"hq"}},{"type":"Feature","geometry":{"type":"Point","coordinates":[-75.3253,48.4502]},"properties":{"id":"hq-1-2938","name":"Gouin Sud-Ouest (CMGS)","prov":"QC","kind":"river","level":404.06,"time":"2026-08-10T19:00:00Z","src":"hq"}},{"type":"Feature","geometry":{"type":"Point","coordinates":[-72.66,46.97]},"properties":{"id":"hq-1-3036","name":"M\u00e9kinac Barrage aval","prov":"QC","kind":"river","level":158.03,"time":"2026-08-10T19:00:00Z","src":"hq"}},{"type":"Feature","geometry":{"type":"Point","coordinates":[-70.5133,54.4495]},"properties":{"id":"hq-1-2963","name":"Brisay Centrale aval","prov":"QC","kind":"river","level":486.73,"time":"2026-08-10T19:00:00Z","src":"hq"}},{"type":"Feature","geometry":{"type":"Point","coordinates":[-77.5552,53.7949]},"properties":{"id":"hq-1-3016","name":"La Grande-2-A Centrale aval","prov":"QC","kind":"river","level":35.56,"time":"2026-08-10T19:00:00Z","src":"hq"}},{"type":"Feature","geometry":{"type":"Point","coordinates":[-77.5499,53.7773]},"properties":{"id":"hq-1-3017","name":"La Grande-2-A Centrale amont","prov":"QC","kind":"reservoir","level":173.95,"time":"2026-08-10T19:00:00Z","src":"hq"}},{"type":"Feature","geometry":{"type":"Point","coordinates":[-68.1382,48.6035]},"properties":{"id":"hq-1-3042","name":"Mitis-1 Centrale aval","prov":"QC","kind":"river","level":25.2,"time":"2026-08-10T19:00:00Z","src":"hq"}},{"type":"Feature","geometry":{"type":"Point","coordinates":[-70.48972,49.9575]},"properties":{"id":"hq-1-7590","name":"Manouane 3","prov":"QC","kind":"river","level":416.76,"time":"2026-08-10T19:00:00Z","src":"hq"}},{"type":"Feature","geometry":{"type":"Point","coordinates":[-73.6583,46.8633]},"properties":{"id":"hq-1-2940","name":"Matawin BOGC","prov":"QC","kind":"river","level":339.01,"time":"2026-08-10T19:00:00Z","src":"hq"}},{"type":"Feature","geometry":{"type":"Point","coordinates":[-70.59917,49.96056]},"properties":{"id":"hq-1-6450","name":"Claude Gignac","prov":"QC","kind":"river","level":418.03,"time":"2026-08-10T19:00:00Z","src":"hq"}},{"type":"Feature","geometry":{"type":"Point","coordinates":[-70.93,49.43]},"properties":{"id":"hq-1-2922","name":"Bersimis-1 Ouest","prov":"QC","kind":"river","level":396.88,"time":"2026-08-10T19:00:00Z","src":"hq"}},{"type":"Feature","geometry":{"type":"Point","coordinates":[-73.3522,47.9058]},"properties":{"id":"hq-1-9097","name":"Rivi\u00e8re Windigo","prov":"QC","kind":"river","level":298.12,"time":"2026-08-10T19:00:00Z","src":"hq"}},{"type":"Feature","geometry":{"type":"Point","coordinates":[-74.1007,48.353]},"properties":{"id":"hq-1-2984","name":"Gouin BOGC","prov":"QC","kind":"river","level":389.57,"time":"2026-08-10T19:00:00Z","src":"hq"}},{"type":"Feature","geometry":{"type":"Point","coordinates":[-70.512,54.444]},"properties":{"id":"hq-1-2900","name":"Brisay Centrale amont","prov":"QC","kind":"reservoir","level":527.69,"time":"2026-08-10T19:00:00Z","src":"hq"}},{"type":"Feature","geometry":{"type":"Point","coordinates":[-68.03,48.18]},"properties":{"id":"hq-1-3039","name":"Mistigoug\u00e8che Barrage aval","prov":"QC","kind":"river","level":296.26,"time":"2026-08-10T19:00:00Z","src":"hq"}},{"type":"Feature","geometry":{"type":"Point","coordinates":[-67.91,48.33]},"properties":{"id":"hq-1-3040","name":"Mitis Barrage aval","prov":"QC","kind":"river","level":253.67,"time":"2026-08-10T19:00:00Z","src":"hq"}},{"type":"Feature","geometry":{"type":"Point","coordinates":[-68.6089,50.2136]},"properties":{"id":"hq-1-2924","name":"Manic-3 Nord","prov":"QC","kind":"river","level":205.25,"time":"2026-08-10T19:00:00Z","src":"hq"}},{"type":"Feature","geometry":{"type":"Point","coordinates":[-68.1647,51.3222]},"properties":{"id":"hq-1-2926","name":"Manic-5 Est","prov":"QC","kind":"river","level":348.97,"time":"2026-08-10T19:00:00Z","src":"hq"}},{"type":"Feature","geometry":{"type":"Point","coordinates":[-68.834,51.1038]},"properties":{"id":"hq-1-2928","name":"Manic-5 Sud","prov":"QC","kind":"river","level":349.05,"time":"2026-08-10T19:00:00Z","src":"hq"}},{"type":"Feature","geometry":{"type":"Point","coordinates":[-75.3869,53.9311]},"properties":{"id":"hq-1-2913","name":"La Grande-3 TA10 (CMXI)","prov":"QC","kind":"river","level":252.65,"time":"2026-08-10T19:00:00Z","src":"hq"}},{"type":"Feature","geometry":{"type":"Point","coordinates":[-76.2533,54.1431]},"properties":{"id":"hq-1-2911","name":"LG-2 Nord-Est","prov":"QC","kind":"river","level":174.02,"time":"2026-08-10T19:00:00Z","src":"hq"}},{"type":"Feature","geometry":{"type":"Point","coordinates":[-76.0097,53.4836]},"properties":{"id":"hq-1-2915","name":"La Grande-3 TA32","prov":"QC","kind":"river","level":252.44,"time":"2026-08-10T19:00:00Z","src":"hq"}},{"type":"Feature","geometry":{"type":"Point","coordinates":[-73.0017,53.9597]},"properties":{"id":"hq-1-2917","name":"La Grande-4 Est (CMXE)","prov":"QC","kind":"river","level":376.48,"time":"2026-08-10T19:00:00Z","src":"hq"}},{"type":"Feature","geometry":{"type":"Point","coordinates":[-73.1136,53.8264]},"properties":{"id":"hq-1-2918","name":"La Grande-4 Sud","prov":"QC","kind":"river","level":376.46,"time":"2026-08-10T19:00:00Z","src":"hq"}},{"type":"Feature","geometry":{"type":"Point","coordinates":[-70.1783,54.4272]},"properties":{"id":"hq-1-2902","name":"Caniapiscau Nord-Ouest (CQCN)","prov":"QC","kind":"river","level":527.66,"time":"2026-08-10T19:00:00Z","src":"hq"}},{"type":"Feature","geometry":{"type":"Point","coordinates":[-69.2231,54.5183]},"properties":{"id":"hq-1-2901","name":"Caniapiscau Nord-Est (CQCQ)","prov":"QC","kind":"river","level":527.76,"time":"2026-08-10T19:00:00Z","src":"hq"}},{"type":"Feature","geometry":{"type":"Point","coordinates":[-69.9259,54.1129]},"properties":{"id":"hq-1-2903","name":"Caniapiscau Sud (CMCS)","prov":"QC","kind":"reservoir","level":527.79,"time":"2026-08-10T19:00:00Z","src":"hq","resName":"Caniapiscau Reservoir","resOperator":"Hydro-Qu\u00e9bec","capacityKm3":39.07,"fslM":535.5,"fillPct":40.2,"estStorageKm3":15.72}},{"type":"Feature","geometry":{"type":"Point","coordinates":[-68.7287,50.6441]},"properties":{"id":"hq-1-3032","name":"Manic-5-PA Centrale aval","prov":"QC","kind":"river","level":205.42,"time":"2026-08-10T19:00:00Z","src":"hq"}},{"type":"Feature","geometry":{"type":"Point","coordinates":[-68.7305,50.6491]},"properties":{"id":"hq-1-3031","name":"Manic-5-PA Centrale amont","prov":"QC","kind":"reservoir","level":349.16,"time":"2026-08-10T19:00:00Z","src":"hq"}},{"type":"Feature","geometry":{"type":"Point","coordinates":[-77.5081,53.6097]},"properties":{"id":"hq-1-7768","name":"Lac Desaulniers","prov":"QC","kind":"reservoir","level":138.99,"time":"2026-08-10T19:00:00Z","src":"hq"}},{"type":"Feature","geometry":{"type":"Point","coordinates":[-76.77028,45.75056]},"properties":{"id":"hq-1-3077","name":"Rocher-Fendu aval","prov":"QC","kind":"river","level":102.41,"time":"2026-08-10T19:00:00Z","src":"hq"}},{"type":"Feature","geometry":{"type":"Point","coordinates":[-77.31311,47.61422]},"properties":{"id":"hq-1-2962","name":"Bourque Barrage aval","prov":"QC","kind":"river","level":334.66,"time":"2026-08-10T19:00:00Z","src":"hq"}},{"type":"Feature","geometry":{"type":"Point","coordinates":[-74.0678,45.29774]},"properties":{"id":"hq-1-2993","name":"\u00cele-Juillet Barrage amont","prov":"QC","kind":"reservoir","level":40.31,"time":"2026-08-10T19:00:00Z","src":"hq"}},{"type":"Feature","geometry":{"type":"Point","coordinates":[-74.03784,45.30363]},"properties":{"id":"hq-1-3086","name":"Saint-Timoth\u00e9e Barrage amont","prov":"QC","kind":"reservoir","level":35.4,"time":"2026-08-10T19:00:00Z","src":"hq"}},{"type":"Feature","geometry":{"type":"Point","coordinates":[-73.4676,53.8857]},"properties":{"id":"hq-1-3022","name":"La Grande-4 Centrale aval","prov":"QC","kind":"river","level":258.71,"time":"2026-08-10T19:00:00Z","src":"hq"}},{"type":"Feature","geometry":{"type":"Point","coordinates":[-72.17,45.67]},"properties":{"id":"hq-1-3037","name":"Melbourne","prov":"QC","kind":"river","level":111.0,"time":"2026-08-10T19:00:00Z","src":"hq"}},{"type":"Feature","geometry":{"type":"Point","coordinates":[-73.4619,53.8861]},"properties":{"id":"hq-1-3021","name":"La Grande-4 Centrale amont","prov":"QC","kind":"reservoir","level":376.5,"time":"2026-08-10T19:00:00Z","src":"hq","resName":"La Grande 4 Reservoir","resOperator":"Hydro-Qu\u00e9bec","capacityKm3":7.16,"fslM":377.0}},{"type":"Feature","geometry":{"type":"Point","coordinates":[-77.5044,53.5908]},"properties":{"id":"hq-1-2904","name":"Duncan Barrage amont (CQDC)","prov":"QC","kind":"reservoir","level":173.98,"time":"2026-08-10T19:00:00Z","src":"hq"}},{"type":"Feature","geometry":{"type":"Point","coordinates":[-73.9044,45.3128]},"properties":{"id":"hq-1-2951","name":"Beauharnois Centrale amont Est","prov":"QC","kind":"reservoir","level":45.7,"time":"2026-08-10T19:00:00Z","src":"hq"}},{"type":"Feature","geometry":{"type":"Point","coordinates":[-69.8122,54.8464]},"properties":{"id":"hq-1-2905","name":"Duplanter Barrage Amont (CQDP)","prov":"QC","kind":"reservoir","level":527.7,"time":"2026-08-10T19:00:00Z","src":"hq"}},{"type":"Feature","geometry":{"type":"Point","coordinates":[-77.5383,53.7933]},"properties":{"id":"hq-1-3019","name":"Robert-Bourassa Centrale aval ouest","prov":"QC","kind":"river","level":36.34,"time":"2026-08-10T19:00:00Z","src":"hq"}},{"type":"Feature","geometry":{"type":"Point","coordinates":[-77.47101,53.77543]},"properties":{"id":"hq-1-2910","name":"Robert-Bourassa","prov":"QC","kind":"reservoir","level":173.98,"time":"2026-08-10T19:00:00Z","src":"hq","resName":"Robert-Bourassa Reservoir (La Grande-2)","resOperator":"Hydro-Qu\u00e9bec","capacityKm3":19.37,"fslM":175.3,"fillPct":82.9,"estStorageKm3":16.05}},{"type":"Feature","geometry":{"type":"Point","coordinates":[-76.70861,53.46028]},"properties":{"id":"hq-1-3001","name":"Lac Sakami","prov":"QC","kind":"reservoir","level":185.45,"time":"2026-08-10T19:00:00Z","src":"hq"}},{"type":"Feature","geometry":{"type":"Point","coordinates":[-75.9871,53.7289]},"properties":{"id":"hq-1-3020","name":"La Grande-3 Centrale aval","prov":"QC","kind":"river","level":173.98,"time":"2026-08-10T19:00:00Z","src":"hq"}},{"type":"Feature","geometry":{"type":"Point","coordinates":[-76.7575,52.3725]},"properties":{"id":"hq-1-2919","name":"Opinaca","prov":"QC","kind":"river","level":215.46,"time":"2026-08-10T19:00:00Z","src":"hq"}},{"type":"Feature","geometry":{"type":"Point","coordinates":[-75.97412,53.72827]},"properties":{"id":"hq-1-2912","name":"La Grande-3 Centrale amont","prov":"QC","kind":"reservoir","level":252.53,"time":"2026-08-10T19:00:00Z","src":"hq","resName":"La Grande 3 Reservoir","resOperator":"Hydro-Qu\u00e9bec","capacityKm3":25.2,"fslM":256.0}},{"type":"Feature","geometry":{"type":"Point","coordinates":[-76.58074,52.2084]},"properties":{"id":"hq-1-2906","name":"Eastmain Barrage amont","prov":"QC","kind":"reservoir","level":215.58,"time":"2026-08-10T19:00:00Z","src":"hq"}},{"type":"Feature","geometry":{"type":"Point","coordinates":[-76.64271,52.66815]},"properties":{"id":"hq-1-2908","name":"Sarcelle Barrage amont","prov":"QC","kind":"reservoir","level":215.4,"time":"2026-08-10T19:00:00Z","src":"hq"}},{"type":"Feature","geometry":{"type":"Point","coordinates":[-73.94371,45.32048]},"properties":{"id":"hq-1-3672","name":"Pointe-des-Cascades","prov":"QC","kind":"river","level":24.23,"time":"2026-08-10T19:00:00Z","src":"hq"}},{"type":"Feature","geometry":{"type":"Point","coordinates":[-77.5329,53.7935]},"properties":{"id":"hq-1-3018","name":"Robert-Bourassa Centrale aval est","prov":"QC","kind":"river","level":37.49,"time":"2026-08-10T19:00:00Z","src":"hq"}},{"type":"Feature","geometry":{"type":"Point","coordinates":[-74.0032,47.62951]},"properties":{"id":"hq-1-3035","name":"Manouane-B Barrage aval","prov":"QC","kind":"river","level":406.78,"time":"2026-08-10T19:00:00Z","src":"hq"}},{"type":"Feature","geometry":{"type":"Point","coordinates":[-73.8917,47.7591]},"properties":{"id":"hq-1-2936","name":"Manouane-C BOGC","prov":"QC","kind":"river","level":360.78,"time":"2026-08-10T19:00:00Z","src":"hq"}},{"type":"Feature","geometry":{"type":"Point","coordinates":[-77.5313,53.7799]},"properties":{"id":"hq-1-3015","name":"Robert-Bourassa Centrale amont","prov":"QC","kind":"reservoir","level":173.99,"time":"2026-08-10T19:00:00Z","src":"hq"}},{"type":"Feature","geometry":{"type":"Point","coordinates":[-68.3845,49.1412]},"properties":{"id":"hq-1-3046","name":"Outardes-2 Centrale aval","prov":"QC","kind":"river","level":0.85,"time":"2026-08-10T19:00:00Z","src":"hq"}},{"type":"Feature","geometry":{"type":"Point","coordinates":[-72.6556,46.9756]},"properties":{"id":"hq-1-2941","name":"M\u00e9kinac Barrage amont","prov":"QC","kind":"reservoir","level":161.68,"time":"2026-08-10T19:00:00Z","src":"hq"}},{"type":"Feature","geometry":{"type":"Point","coordinates":[-68.3942,49.1514]},"properties":{"id":"hq-1-3045","name":"Outardes-2 Centrale amont","prov":"QC","kind":"reservoir","level":84.01,"time":"2026-08-10T19:00:00Z","src":"hq"}},{"type":"Feature","geometry":{"type":"Point","coordinates":[-71.1285,48.3859]},"properties":{"id":"hq-1-6432","name":"Chute-Garneau Barrage aval","prov":"QC","kind":"river","level":0.0,"time":"2026-08-10T19:00:00Z","src":"hq"}},{"type":"Feature","geometry":{"type":"Point","coordinates":[-71.1285,48.3859]},"properties":{"id":"hq-1-6430","name":"Chute-Garneau Barrage amont","prov":"QC","kind":"reservoir","level":0.0,"time":"2026-08-10T19:00:00Z","src":"hq"}},{"type":"Feature","geometry":{"type":"Point","coordinates":[-68.64,47.57]},"properties":{"id":"hq-1-3005","name":"T\u00e9miscouata Barrage aval","prov":"QC","kind":"river","level":146.54,"time":"2026-08-10T19:00:00Z","src":"hq"}},{"type":"Feature","geometry":{"type":"Point","coordinates":[-76.73324,47.50105]},"properties":{"id":"hq-1-2950","name":"Barri\u00e8re Barrage aval","prov":"QC","kind":"river","level":355.64,"time":"2026-08-10T19:00:00Z","src":"hq"}},{"type":"Feature","geometry":{"type":"Point","coordinates":[-68.5984,49.7388]},"properties":{"id":"hq-1-3028","name":"Manic-3 Centrale aval","prov":"QC","kind":"river","level":110.33,"time":"2026-08-10T19:00:00Z","src":"hq"}},{"type":"Feature","geometry":{"type":"Point","coordinates":[-76.7306,47.4989]},"properties":{"id":"hq-1-2942","name":"Barri\u00e8re Barrage amont (CMBA)","prov":"QC","kind":"reservoir","level":360.05,"time":"2026-08-10T19:00:00Z","src":"hq"}},{"type":"Feature","geometry":{"type":"Point","coordinates":[-76.73,47.23]},"properties":{"id":"hq-1-2948","name":"Baie-des-Rapides","prov":"QC","kind":"reservoir","level":360.11,"time":"2026-08-10T19:00:00Z","src":"hq"}},{"type":"Feature","geometry":{"type":"Point","coordinates":[-68.6033,49.7527]},"properties":{"id":"hq-1-3027","name":"Manic-3 Centrale amont","prov":"QC","kind":"reservoir","level":205.36,"time":"2026-08-10T19:00:00Z","src":"hq"}},{"type":"Feature","geometry":{"type":"Point","coordinates":[-76.62,45.68]},"properties":{"id":"hq-1-3090","name":"Village Bryson","prov":"QC","kind":"river","level":105.52,"time":"2026-08-10T19:00:00Z","src":"hq"}},{"type":"Feature","geometry":{"type":"Point","coordinates":[-68.7271,50.6388]},"properties":{"id":"hq-1-3030","name":"Manic-5 Centrale aval","prov":"QC","kind":"river","level":204.92,"time":"2026-08-10T19:00:00Z","src":"hq"}},{"type":"Feature","geometry":{"type":"Point","coordinates":[-68.137,48.6039]},"properties":{"id":"hq-1-3041","name":"Mitis-1 Centrale amont","prov":"QC","kind":"reservoir","level":65.52,"time":"2026-08-10T19:00:00Z","src":"hq"}},{"type":"Feature","geometry":{"type":"Point","coordinates":[-73.9713,45.31712]},"properties":{"id":"hq-1-3055","name":"Pointe-du-Buisson Barrage amont","prov":"QC","kind":"reservoir","level":28.39,"time":"2026-08-10T19:00:00Z","src":"hq"}},{"type":"Feature","geometry":{"type":"Point","coordinates":[-68.9025,49.7041]},"properties":{"id":"hq-1-3050","name":"Outardes-4 Centrale aval","prov":"QC","kind":"river","level":229.03,"time":"2026-08-10T19:00:00Z","src":"hq"}},{"type":"Feature","geometry":{"type":"Point","coordinates":[-68.7218,49.5562]},"properties":{"id":"hq-1-3048","name":"Outardes-3 Centrale aval","prov":"QC","kind":"river","level":84.46,"time":"2026-08-10T19:00:00Z","src":"hq"}},{"type":"Feature","geometry":{"type":"Point","coordinates":[-68.7323,49.5591]},"properties":{"id":"hq-1-3047","name":"Outardes-3 Centrale amont","prov":"QC","kind":"reservoir","level":229.17,"time":"2026-08-10T19:00:00Z","src":"hq"}},{"type":"Feature","geometry":{"type":"Point","coordinates":[-68.79542,49.56418]},"properties":{"id":"hq-1-10362","name":"Outardes-3 Barrage amont","prov":"QC","kind":"reservoir","level":229.15,"time":"2026-08-10T19:00:00Z","src":"hq"}},{"type":"Feature","geometry":{"type":"Point","coordinates":[-79.4531,47.6]},"properties":{"id":"hq-1-3060","name":"Premi\u00e8re-Chute Centrale aval","prov":"QC","kind":"river","level":178.93,"time":"2026-08-10T19:00:00Z","src":"hq"}},{"type":"Feature","geometry":{"type":"Point","coordinates":[-79.4525,47.6]},"properties":{"id":"hq-1-3059","name":"Premi\u00e8re-Chute Centrale amont","prov":"QC","kind":"reservoir","level":200.94,"time":"2026-08-10T19:00:00Z","src":"hq"}},{"type":"Feature","geometry":{"type":"Point","coordinates":[-70.8289,47.1227]},"properties":{"id":"hq-1-5917","name":"Sept-Chutes Centrale aval","prov":"QC","kind":"river","level":0.0,"time":"2026-08-10T19:00:00Z","src":"hq"}},{"type":"Feature","geometry":{"type":"Point","coordinates":[-74.6839,45.7737]},"properties":{"id":"hq-1-6364","name":"Chute-Bell Centrale aval","prov":"QC","kind":"river","level":122.54,"time":"2026-08-10T19:00:00Z","src":"hq"}},{"type":"Feature","geometry":{"type":"Point","coordinates":[-74.6858,45.7749]},"properties":{"id":"hq-1-6363","name":"Chute-Bell Centrale amont","prov":"QC","kind":"reservoir","level":139.5,"time":"2026-08-10T19:00:00Z","src":"hq"}},{"type":"Feature","geometry":{"type":"Point","coordinates":[-70.8175,47.1253]},"properties":{"id":"hq-1-5916","name":"Sept-Chutes Centrale amont","prov":"QC","kind":"reservoir","level":291.07,"time":"2026-08-10T19:00:00Z","src":"hq"}},{"type":"Feature","geometry":{"type":"Point","coordinates":[-68.9065,49.7017]},"properties":{"id":"hq-1-3049","name":"Outardes-4 Centrale amont","prov":"QC","kind":"reservoir","level":350.16,"time":"2026-08-10T19:00:00Z","src":"hq","resName":"Outardes 4 Reservoir","resOperator":"Hydro-Qu\u00e9bec","capacityKm3":24.3}},{"type":"Feature","geometry":{"type":"Point","coordinates":[-68.025,48.175]},"properties":{"id":"hq-1-2929","name":"Mistigoug\u00e8che Barrage amont","prov":"QC","kind":"reservoir","level":303.09,"time":"2026-08-10T19:00:00Z","src":"hq"}},{"type":"Feature","geometry":{"type":"Point","coordinates":[-68.3289,49.1909]},"properties":{"id":"hq-1-3024","name":"Manic-1 Centrale aval","prov":"QC","kind":"river","level":0.25,"time":"2026-08-10T19:00:00Z","src":"hq"}},{"type":"Feature","geometry":{"type":"Point","coordinates":[-69.2,49.18]},"properties":{"id":"hq-1-2961","name":"Bersimis-2 Centrale aval","prov":"QC","kind":"river","level":16.39,"time":"2026-08-10T19:00:00Z","src":"hq"}},{"type":"Feature","geometry":{"type":"Point","coordinates":[-69.55096,49.29368]},"properties":{"id":"hq-1-2959","name":"Bersimis-1 Centrale aval","prov":"QC","kind":"river","level":131.29,"time":"2026-08-10T19:00:00Z","src":"hq"}},{"type":"Feature","geometry":{"type":"Point","coordinates":[-68.3472,49.3205]},"properties":{"id":"hq-1-3026","name":"Manic-2 Centrale aval","prov":"QC","kind":"river","level":37.48,"time":"2026-08-10T19:00:00Z","src":"hq"}},{"type":"Feature","geometry":{"type":"Point","coordinates":[-74.17684,45.19534]},"properties":{"id":"hq-1-3056","name":"Pointe-Seigneuriale","prov":"QC","kind":"river","level":46.45,"time":"2026-08-10T19:00:00Z","src":"hq"}},{"type":"Feature","geometry":{"type":"Point","coordinates":[-75.9321,45.8094]},"properties":{"id":"hq-1-3053","name":"Paugan Centrale aval","prov":"QC","kind":"river","level":99.21,"time":"2026-08-10T19:00:00Z","src":"hq"}},{"type":"Feature","geometry":{"type":"Point","coordinates":[-76.6322,45.66]},"properties":{"id":"hq-1-2965","name":"Bryson Centrale aval","prov":"QC","kind":"river","level":87.25,"time":"2026-08-10T19:00:00Z","src":"hq"}},{"type":"Feature","geometry":{"type":"Point","coordinates":[-75.7632,45.4986]},"properties":{"id":"hq-1-3071","name":"Rapides-Farmers Centrale aval","prov":"QC","kind":"river","level":47.21,"time":"2026-08-10T19:00:00Z","src":"hq"}},{"type":"Feature","geometry":{"type":"Point","coordinates":[-79.2941,47.5907]},"properties":{"id":"hq-1-3072","name":"Rapides-des-Quinze Centrale amont","prov":"QC","kind":"reservoir","level":255.75,"time":"2026-08-10T19:00:00Z","src":"hq"}},{"type":"Feature","geometry":{"type":"Point","coordinates":[-75.7769,45.5119]},"properties":{"id":"hq-1-2971","name":"Chelsea Centrale aval","prov":"QC","kind":"river","level":66.38,"time":"2026-08-10T19:00:00Z","src":"hq"}},{"type":"Feature","geometry":{"type":"Point","coordinates":[-67.915,48.3314]},"properties":{"id":"hq-1-2930","name":"Mitis Barrage amont","prov":"QC","kind":"reservoir","level":259.55,"time":"2026-08-10T19:00:00Z","src":"hq"}},{"type":"Feature","geometry":{"type":"Point","coordinates":[-79.3545,47.5774]},"properties":{"id":"hq-1-3068","name":"Rapides-des-\u00celes Centrale amont","prov":"QC","kind":"reservoir","level":227.64,"time":"2026-08-10T19:00:00Z","src":"hq"}},{"type":"Feature","geometry":{"type":"Point","coordinates":[-79.3548,47.5766]},"properties":{"id":"hq-1-3069","name":"Rapides-des-\u00celes Centrale aval","prov":"QC","kind":"river","level":201.09,"time":"2026-08-10T19:00:00Z","src":"hq"}},{"type":"Feature","geometry":{"type":"Point","coordinates":[-68.3297,49.1919]},"properties":{"id":"hq-1-3023","name":"Manic-1 Centrale amont","prov":"QC","kind":"reservoir","level":37.28,"time":"2026-08-10T19:00:00Z","src":"hq"}},{"type":"Feature","geometry":{"type":"Point","coordinates":[-72.7662,46.5337]},"properties":{"id":"hq-1-3078","name":"Shawinigan-3 Centrale aval","prov":"QC","kind":"river","level":32.64,"time":"2026-08-10T19:00:00Z","src":"hq"}},{"type":"Feature","geometry":{"type":"Point","coordinates":[-72.7633,46.5341]},"properties":{"id":"hq-1-3079","name":"Shawinigan-3 Centrale amont","prov":"QC","kind":"reservoir","level":75.45,"time":"2026-08-10T19:00:00Z","src":"hq"}},{"type":"Feature","geometry":{"type":"Point","coordinates":[-74.6089,45.6311]},"properties":{"id":"hq-1-3677","name":"Grenville","prov":"QC","kind":"river","level":41.24,"time":"2026-08-10T19:00:00Z","src":"hq"}},{"type":"Feature","geometry":{"type":"Point","coordinates":[-75.70632,45.43139]},"properties":{"id":"hq-1-3675","name":"Quai-de-Hull","prov":"QC","kind":"river","level":41.44,"time":"2026-08-10T19:00:00Z","src":"hq"}},{"type":"Feature","geometry":{"type":"Point","coordinates":[-75.24147,45.58862]},"properties":{"id":"hq-1-3087","name":"Thurso Quai","prov":"QC","kind":"river","level":41.28,"time":"2026-08-10T19:00:00Z","src":"hq"}},{"type":"Feature","geometry":{"type":"Point","coordinates":[-68.3455,49.3212]},"properties":{"id":"hq-1-3025","name":"Manic-2 Centrale amont","prov":"QC","kind":"reservoir","level":109.38,"time":"2026-08-10T19:00:00Z","src":"hq"}},{"type":"Feature","geometry":{"type":"Point","coordinates":[-68.7259,50.6482]},"properties":{"id":"hq-1-3029","name":"Manic-5 Centrale amont","prov":"QC","kind":"reservoir","level":348.64,"time":"2026-08-10T19:00:00Z","src":"hq","resName":"Manicouagan Reservoir (Daniel-Johnson Dam)","resOperator":"Hydro-Qu\u00e9bec","fslM":359.0,"fillPct":39.1}},{"type":"Feature","geometry":{"type":"Point","coordinates":[-74.3819,45.5702]},"properties":{"id":"hq-1-2968","name":"Carillon Centrale amont","prov":"QC","kind":"reservoir","level":41.12,"time":"2026-08-10T19:00:00Z","src":"hq"}},{"type":"Feature","geometry":{"type":"Point","coordinates":[-74.3824,45.5685]},"properties":{"id":"hq-1-2969","name":"Carillon Centrale aval","prov":"QC","kind":"river","level":21.85,"time":"2026-08-10T19:00:00Z","src":"hq"}},{"type":"Feature","geometry":{"type":"Point","coordinates":[-72.4841,45.8874]},"properties":{"id":"hq-1-2981","name":"Drummondville Centrale aval","prov":"QC","kind":"river","level":70.29,"time":"2026-08-10T19:00:00Z","src":"hq"}},{"type":"Feature","geometry":{"type":"Point","coordinates":[-72.4836,45.8865]},"properties":{"id":"hq-1-2980","name":"Drummondville Centrale amont","prov":"QC","kind":"reservoir","level":80.42,"time":"2026-08-10T19:00:00Z","src":"hq"}},{"type":"Feature","geometry":{"type":"Point","coordinates":[-72.4507,45.8628]},"properties":{"id":"hq-1-2974","name":"Chute-Hemmings Centrale aval","prov":"QC","kind":"river","level":80.39,"time":"2026-08-10T19:00:00Z","src":"hq"}},{"type":"Feature","geometry":{"type":"Point","coordinates":[-72.4501,45.8638]},"properties":{"id":"hq-1-2972","name":"Chute-Hemmings Centrale amont","prov":"QC","kind":"reservoir","level":97.27,"time":"2026-08-10T19:00:00Z","src":"hq"}},{"type":"Feature","geometry":{"type":"Point","coordinates":[-69.7914,49.3516]},"properties":{"id":"hq-1-2958","name":"Bersimis-1 Centrale amont","prov":"QC","kind":"reservoir","level":396.9,"time":"2026-08-10T19:00:00Z","src":"hq","resName":"Pipmuacan Reservoir (Bersimis-1)","resOperator":"Hydro-Qu\u00e9bec","capacityKm3":13.9,"fslM":396.0}},{"type":"Feature","geometry":{"type":"Point","coordinates":[-73.9088,45.3145]},"properties":{"id":"hq-1-2954","name":"Beauharnois Centrale aval Centre","prov":"QC","kind":"river","level":21.43,"time":"2026-08-10T19:00:00Z","src":"hq"}},{"type":"Feature","geometry":{"type":"Point","coordinates":[-75.7634,45.4991]},"properties":{"id":"hq-1-3070","name":"Rapides-Farmers Centrale amont","prov":"QC","kind":"reservoir","level":66.37,"time":"2026-08-10T19:00:00Z","src":"hq"}},{"type":"Feature","geometry":{"type":"Point","coordinates":[-73.87616,45.31681]},"properties":{"id":"hq-1-3061","name":"Quai-de-Beauharnois","prov":"QC","kind":"river","level":21.43,"time":"2026-08-10T19:00:00Z","src":"hq"}},{"type":"Feature","geometry":{"type":"Point","coordinates":[-76.6327,45.6612]},"properties":{"id":"hq-1-2964","name":"Bryson Centrale amont","prov":"QC","kind":"reservoir","level":105.29,"time":"2026-08-10T19:00:00Z","src":"hq"}},{"type":"Feature","geometry":{"type":"Point","coordinates":[-69.2504,49.178]},"properties":{"id":"hq-1-2960","name":"Bersimis-2 Centrale amont","prov":"QC","kind":"reservoir","level":130.18,"time":"2026-08-10T19:00:00Z","src":"hq"}},{"type":"Feature","geometry":{"type":"Point","coordinates":[-67.9128,51.7859]},"properties":{"id":"hq-1-2987","name":"Hart-Jaune Centrale aval","prov":"QC","kind":"river","level":437.15,"time":"2026-08-10T19:00:00Z","src":"hq"}},{"type":"Feature","geometry":{"type":"Point","coordinates":[-67.9099,51.7822]},"properties":{"id":"hq-1-2990","name":"Hart-Jaune Centrale amont","prov":"QC","kind":"reservoir","level":475.65,"time":"2026-08-10T19:00:00Z","src":"hq"}},{"type":"Feature","geometry":{"type":"Point","coordinates":[-67.8654,51.802]},"properties":{"id":"hq-1-2988","name":"Hart-Jaune Interm\u00e9diaire Barrage amont","prov":"QC","kind":"reservoir","level":486.44,"time":"2026-08-10T19:00:00Z","src":"hq"}},{"type":"Feature","geometry":{"type":"Point","coordinates":[-67.8051,51.8257]},"properties":{"id":"hq-1-2989","name":"Hart-Jaune Sup\u00e9rieur Barrage amont","prov":"QC","kind":"reservoir","level":505.76,"time":"2026-08-10T19:00:00Z","src":"hq"}},{"type":"Feature","geometry":{"type":"Point","coordinates":[-74.42835,45.09282]},"properties":{"id":"hq-1-3054","name":"Pointe-des-C\u00e8dres","prov":"QC","kind":"river","level":46.62,"time":"2026-08-10T19:00:00Z","src":"hq"}},{"type":"Feature","geometry":{"type":"Point","coordinates":[-78.3102,47.7689]},"properties":{"id":"hq-1-3065","name":"Rapide-7 Centrale aval","prov":"QC","kind":"river","level":288.74,"time":"2026-08-10T19:00:00Z","src":"hq"}},{"type":"Feature","geometry":{"type":"Point","coordinates":[-78.5774,47.9343]},"properties":{"id":"hq-1-3063","name":"Rapide-2 Centrale aval","prov":"QC","kind":"river","level":267.58,"time":"2026-08-10T19:00:00Z","src":"hq"}},{"type":"Feature","geometry":{"type":"Point","coordinates":[-72.8352,47.5556]},"properties":{"id":"hq-1-2957","name":"Beaumont Centrale aval","prov":"QC","kind":"river","level":154.62,"time":"2026-08-10T19:00:00Z","src":"hq"}},{"type":"Feature","geometry":{"type":"Point","coordinates":[-72.8361,47.5559]},"properties":{"id":"hq-1-2956","name":"Beaumont Centrale amont","prov":"QC","kind":"reservoir","level":192.77,"time":"2026-08-10T19:00:00Z","src":"hq"}},{"type":"Feature","geometry":{"type":"Point","coordinates":[-78.5765,47.9344]},"properties":{"id":"hq-1-3062","name":"Rapide-2 Centrale amont","prov":"QC","kind":"reservoir","level":288.27,"time":"2026-08-10T19:00:00Z","src":"hq"}},{"type":"Feature","geometry":{"type":"Point","coordinates":[-72.8783,47.7515]},"properties":{"id":"hq-1-3089","name":"Trenche Centrale aval","prov":"QC","kind":"river","level":193.54,"time":"2026-08-10T19:00:00Z","src":"hq"}},{"type":"Feature","geometry":{"type":"Point","coordinates":[-72.8797,47.7522]},"properties":{"id":"hq-1-3088","name":"Trenche Centrale amont","prov":"QC","kind":"reservoir","level":241.51,"time":"2026-08-10T19:00:00Z","src":"hq"}},{"type":"Feature","geometry":{"type":"Point","coordinates":[-79.2945,47.5911]},"properties":{"id":"hq-1-3073","name":"Rapides-des-Quinze Centrale aval","prov":"QC","kind":"river","level":228.32,"time":"2026-08-10T19:00:00Z","src":"hq"}},{"type":"Feature","geometry":{"type":"Point","coordinates":[-74.0276,45.309]},"properties":{"id":"hq-1-3010","name":"C\u00e8dres Centrale amont","prov":"QC","kind":"reservoir","level":40.28,"time":"2026-08-10T19:00:00Z","src":"hq"}},{"type":"Feature","geometry":{"type":"Point","coordinates":[-74.02736,45.30901]},"properties":{"id":"hq-1-3011","name":"C\u00e8dres Centrale aval","prov":"QC","kind":"river","level":28.41,"time":"2026-08-10T19:00:00Z","src":"hq"}},{"type":"Feature","geometry":{"type":"Point","coordinates":[-78.3101,47.768]},"properties":{"id":"hq-1-3064","name":"Rapide-7 Centrale amont","prov":"QC","kind":"reservoir","level":308.92,"time":"2026-08-10T19:00:00Z","src":"hq"}},{"type":"Feature","geometry":{"type":"Point","coordinates":[-77.308,47.6125]},"properties":{"id":"hq-1-2943","name":"Bourque Barrage amont","prov":"QC","kind":"reservoir","level":343.93,"time":"2026-08-10T19:00:00Z","src":"hq"}},{"type":"Feature","geometry":{"type":"Point","coordinates":[-72.9727,47.7963]},"properties":{"id":"hq-1-3067","name":"Rapide-Blanc Centrale aval","prov":"QC","kind":"river","level":241.81,"time":"2026-08-10T19:00:00Z","src":"hq"}},{"type":"Feature","geometry":{"type":"Point","coordinates":[-72.9733,47.7967]},"properties":{"id":"hq-1-3066","name":"Rapide-Blanc Centrale amont","prov":"QC","kind":"reservoir","level":275.64,"time":"2026-08-10T19:00:00Z","src":"hq"}},{"type":"Feature","geometry":{"type":"Point","coordinates":[-73.6591,46.8618]},"properties":{"id":"hq-1-2939","name":"Matawin Barrage amont (CMMW)","prov":"QC","kind":"reservoir","level":357.81,"time":"2026-08-10T19:00:00Z","src":"hq"}},{"type":"Feature","geometry":{"type":"Point","coordinates":[-73.6573,45.5901]},"properties":{"id":"hq-1-3076","name":"Rivi\u00e8re-des-Prairies Centrale aval","prov":"QC","kind":"river","level":9.57,"time":"2026-08-10T19:00:00Z","src":"hq"}},{"type":"Feature","geometry":{"type":"Point","coordinates":[-73.6579,45.5899]},"properties":{"id":"hq-1-3075","name":"Rivi\u00e8re-des-Prairies Centrale amont","prov":"QC","kind":"reservoir","level":17.06,"time":"2026-08-10T19:00:00Z","src":"hq"}},{"type":"Feature","geometry":{"type":"Point","coordinates":[-76.4706,47.3094]},"properties":{"id":"hq-1-2944","name":"Cabonga Barrage amont","prov":"QC","kind":"reservoir","level":360.17,"time":"2026-08-10T19:00:00Z","src":"hq"}},{"type":"Feature","geometry":{"type":"Point","coordinates":[-75.7778,45.513]},"properties":{"id":"hq-1-2970","name":"Chelsea Centrale amont","prov":"QC","kind":"reservoir","level":97.34,"time":"2026-08-10T19:00:00Z","src":"hq"}},{"type":"Feature","geometry":{"type":"Point","coordinates":[-75.9303,45.8108]},"properties":{"id":"hq-1-3052","name":"Paugan Centrale amont","prov":"QC","kind":"reservoir","level":141.33,"time":"2026-08-10T19:00:00Z","src":"hq"}},{"type":"Feature","geometry":{"type":"Point","coordinates":[-72.7384,46.4489]},"properties":{"id":"hq-1-2997","name":"La Gabelle Centrale aval","prov":"QC","kind":"river","level":14.9,"time":"2026-08-10T19:00:00Z","src":"hq"}},{"type":"Feature","geometry":{"type":"Point","coordinates":[-72.7395,46.4493]},"properties":{"id":"hq-1-2996","name":"La Gabelle Centrale amont","prov":"QC","kind":"reservoir","level":31.02,"time":"2026-08-10T19:00:00Z","src":"hq"}},{"type":"Feature","geometry":{"type":"Point","coordinates":[-72.7994,47.4448]},"properties":{"id":"hq-1-2998","name":"La Tuque Centrale amont","prov":"QC","kind":"reservoir","level":151.63,"time":"2026-08-10T19:00:00Z","src":"hq"}},{"type":"Feature","geometry":{"type":"Point","coordinates":[-72.7996,47.4442]},"properties":{"id":"hq-1-2999","name":"La Tuque Centrale aval","prov":"QC","kind":"river","level":118.16,"time":"2026-08-10T19:00:00Z","src":"hq"}},{"type":"Feature","geometry":{"type":"Point","coordinates":[-74.0972,48.3597]},"properties":{"id":"hq-1-3277","name":"Gouin Barrage amont","prov":"QC","kind":"reservoir","level":404.08,"time":"2026-08-10T19:00:00Z","src":"hq"}},{"type":"Feature","geometry":{"type":"Point","coordinates":[-73.8967,47.7581]},"properties":{"id":"hq-1-2935","name":"Manouane-C Barrage amont","prov":"QC","kind":"reservoir","level":368.12,"time":"2026-08-10T19:00:00Z","src":"hq"}},{"type":"Feature","geometry":{"type":"Point","coordinates":[-72.7647,46.5358]},"properties":{"id":"hq-1-3080","name":"Shawinigan-2 Centrale amont","prov":"QC","kind":"reservoir","level":75.45,"time":"2026-08-10T19:00:00Z","src":"hq"}},{"type":"Feature","geometry":{"type":"Point","coordinates":[-74.1852,47.5363]},"properties":{"id":"hq-1-2994","name":"Manouane-A Barrage amont","prov":"QC","kind":"reservoir","level":419.05,"time":"2026-08-10T19:00:00Z","src":"hq"}},{"type":"Feature","geometry":{"type":"Point","coordinates":[-74.0048,47.6298]},"properties":{"id":"hq-1-3034","name":"Manouane-B Barrage amont","prov":"QC","kind":"reservoir","level":410.97,"time":"2026-08-10T19:00:00Z","src":"hq"}},{"type":"Feature","geometry":{"type":"Point","coordinates":[-74.19959,45.2599]},"properties":{"id":"hq-1-3673","name":"Coteau-Landing","prov":"QC","kind":"river","level":46.41,"time":"2026-08-10T19:00:00Z","src":"hq"}},{"type":"Feature","geometry":{"type":"Point","coordinates":[-72.4137,46.5579]},"properties":{"id":"hq-1-3083","name":"Saint-Narcisse Centrale amont","prov":"QC","kind":"reservoir","level":66.41,"time":"2026-08-10T19:00:00Z","src":"hq"}},{"type":"Feature","geometry":{"type":"Point","coordinates":[-74.12546,45.29073]},"properties":{"id":"hq-1-2982","name":"Ferry (Beauharnois)","prov":"QC","kind":"river","level":40.33,"time":"2026-08-10T19:00:00Z","src":"hq"}},{"type":"Feature","geometry":{"type":"Point","coordinates":[-72.68786,46.9227]},"properties":{"id":"hq-1-3082","name":"Saint-Joseph-de-M\u00e9kinac","prov":"QC","kind":"river","level":119.56,"time":"2026-08-10T19:00:00Z","src":"hq"}},{"type":"Feature","geometry":{"type":"Point","coordinates":[-68.4831,50.4819]},"properties":{"id":"hq-1-7302","name":"Rivi\u00e8re Lemay","prov":"QC","kind":"river","level":267.4,"time":"2026-08-10T19:00:00Z","src":"hq"}},{"type":"Feature","geometry":{"type":"Point","coordinates":[-72.83611,46.86139]},"properties":{"id":"hq-1-7770","name":"Rapides-Manigance","prov":"QC","kind":"river","level":103.75,"time":"2026-08-10T19:00:00Z","src":"hq"}},{"type":"Feature","geometry":{"type":"Point","coordinates":[-68.64,47.57]},"properties":{"id":"hq-1-3004","name":"T\u00e9miscouata Barrage amont","prov":"QC","kind":"reservoir","level":148.43,"time":"2026-08-10T19:00:00Z","src":"hq"}},{"type":"Feature","geometry":{"type":"Point","coordinates":[-73.93025,45.29971]},"properties":{"id":"hq-1-7766","name":"\u00c9cluse de Beauharnois","prov":"QC","kind":"river","level":45.75,"time":"2026-08-10T19:00:00Z","src":"hq"}},{"type":"Feature","geometry":{"type":"Point","coordinates":[-68.0264,50.004]},"properties":{"id":"hq-1-9328","name":"Toulnustouc Barrage amont","prov":"QC","kind":"reservoir","level":300.89,"time":"2026-08-10T19:00:00Z","src":"hq"}},{"type":"Feature","geometry":{"type":"Point","coordinates":[-75.20062,45.84347]},"properties":{"id":"qc-040412","name":"Ruisseau Schryer \u2014 575 m en amont du lac Schryer","prov":"QC","kind":"river","level":48.318,"discharge":0.5,"time":"2026-08-10T16:30:00Z","src":"qc"}},{"type":"Feature","geometry":{"type":"Point","coordinates":[-74.32517,45.49663]},"properties":{"id":"qc-707","name":"Rivi\u00e8re des Outaouais \u2014 \u00c0 la Baie de Rigaud","prov":"QC","kind":"river","level":21.723,"time":"2026-07-31T01:15:00Z","src":"qc"}},{"type":"Feature","geometry":{"type":"Point","coordinates":[-69.28226,47.49196]},"properties":{"id":"qc-013105","name":"Lac Poh\u00e9n\u00e9gamook \u2014 au Centre des loisirs Guy-Pelletier","prov":"QC","kind":"lake","level":206.953,"time":"2026-08-10T16:30:00Z","src":"qc"}},{"type":"Feature","geometry":{"type":"Point","coordinates":[-72.55704,45.65283]},"properties":{"id":"qc-030356","name":"Rivi\u00e8re le Renne \u2014 \u00e0 Acton Vale","prov":"QC","kind":"river","level":48.606,"discharge":0.25,"time":"2026-08-10T16:30:00Z","src":"qc"}},{"type":"Feature","geometry":{"type":"Point","coordinates":[-73.47314,45.35281]},"properties":{"id":"qc-030601","name":"Rivi\u00e8re Saint-Jacques \u2014 amont du pont Mont\u00e9e Monette \u00e0 Saint-Philippe","prov":"QC","kind":"river","level":46.195,"discharge":0.08,"time":"2026-08-10T16:45:00Z","src":"qc"}},{"type":"Feature","geometry":{"type":"Point","coordinates":[-75.09275,45.90808]},"properties":{"id":"qc-040411","name":"Lac Simon \u2014 \u00e0 la marina Lac Simon","prov":"QC","kind":"lake","level":198.285,"time":"2026-08-10T16:45:00Z","src":"qc"}},{"type":"Feature","geometry":{"type":"Point","coordinates":[-76.22763,45.51603]},"properties":{"id":"qc-506","name":"Rivi\u00e8re Quyon                                                                                                                                                                                                                                                  \u2014 Au traversier de Quyon","prov":"QC","kind":"river","level":57.925,"time":"2026-08-10T17:50:00Z","src":"qc","class":"normal","classBy":"qc-vigilance"}},{"type":"Feature","geometry":{"type":"Point","coordinates":[-70.6732,46.12]},"properties":{"id":"qc-Saint-Georges","name":"Rivi\u00e8re Chaudi\u00e8re \u2014 Au pont-route 271 \u00e0 Saint-Georges","prov":"QC","kind":"river","level":161.84,"time":"2026-08-10T17:44:51Z","src":"qc","class":"normal","classBy":"qc-vigilance"}},{"type":"Feature","geometry":{"type":"Point","coordinates":[-72.20661,46.95918]},"properties":{"id":"qc-050309","name":"Rivi\u00e8re \u00e0 Pierre \u2014 \u00e0 7,5 km de sa confluence avec la rivi\u00e8re Batiscan","prov":"QC","kind":"river","level":46.877,"discharge":9.25,"time":"2026-08-10T16:00:00Z","src":"qc"}},{"type":"Feature","geometry":{"type":"Point","coordinates":[-73.36283,45.42681]},"properties":{"id":"qc-515","name":"Rivi\u00e8re L'Acadie \u2014 Carignan","prov":"QC","kind":"river","level":9.487,"time":"2026-08-10T17:45:00Z","src":"qc"}},{"type":"Feature","geometry":{"type":"Point","coordinates":[-72.75666,46.58499]},"properties":{"id":"qc-050148","name":"Rivi\u00e8re Shawinigan \u2014 \u00e0 6,5 km en amont de la confluence avec la rivi\u00e8re Saint-Maurice","prov":"QC","kind":"river","level":43.219,"discharge":4.76,"time":"2026-08-10T16:45:00Z","src":"qc"}},{"type":"Feature","geometry":{"type":"Point","coordinates":[-70.47664,47.0074]},"properties":{"id":"qc-023108","name":"Bras Saint-Nicolas \u2014 8 km en amont de la confluence avec la rivi\u00e8re du Sud au pont-route Bellavance","prov":"QC","kind":"river","level":47.771,"discharge":1.6,"time":"2026-08-10T16:30:00Z","src":"qc"}},{"type":"Feature","geometry":{"type":"Point","coordinates":[-71.85593,45.36058]},"properties":{"id":"qc-896","name":"Rivi\u00e8re Massawippi \u2014 Pont Malory - Lennoxville (aval)","prov":"QC","kind":"river","level":143.664,"time":"2026-08-10T17:45:00Z","src":"qc"}},{"type":"Feature","geometry":{"type":"Point","coordinates":[-72.15211,45.66527]},"properties":{"id":"qc-912","name":"Rivi\u00e8re Saint-Fran\u00e7ois \u2014 Pont F.-Coburn (amont)","prov":"QC","kind":"river","level":111.465,"time":"2026-08-10T17:45:00Z","src":"qc"}},{"type":"Feature","geometry":{"type":"Point","coordinates":[-71.35881,46.59197]},"properties":{"id":"qc-804","name":"Rivi\u00e8re Beaurivage \u2014 Pont du Moulin","prov":"QC","kind":"river","level":103.53,"time":"2026-08-10T17:45:00Z","src":"qc"}},{"type":"Feature","geometry":{"type":"Point","coordinates":[-76.93449,45.90687]},"properties":{"id":"qc-488","name":"Rivi\u00e8re des Outaouais \u2014 \u00c0 500 m en amont du pont de la route 148 \u00e0 Waltham","prov":"QC","kind":"river","level":106.187,"time":"2026-08-10T17:50:00Z","src":"qc","class":"normal","classBy":"qc-vigilance"}},{"type":"Feature","geometry":{"type":"Point","coordinates":[-74.336,46.07442]},"properties":{"id":"qc-040106","name":"Lac Manitou \u2014 Au lac Manitou \u00e0 Sainte-Agathe-des-Monts","prov":"QC","kind":"lake","level":389.613,"time":"2026-08-10T17:00:00Z","src":"qc"}},{"type":"Feature","geometry":{"type":"Point","coordinates":[-76.72953,45.85106]},"properties":{"id":"qc-679","name":"Rivi\u00e8re Coulonge                                                                                                                                                                                                                                               \u2014 Au pont de la route 148 \u00e0 Mansfield et Pontefract","prov":"QC","kind":"river","level":106.831,"time":"2026-08-10T17:45:00Z","src":"qc","class":"normal","classBy":"qc-vigilance"}},{"type":"Feature","geometry":{"type":"Point","coordinates":[-74.06635,45.85092]},"properties":{"id":"qc-561","name":"Rivi\u00e8re du Nord \u2014 Rue des Frangins (aval)","prov":"QC","kind":"river","level":151.309,"time":"2026-08-10T17:45:00Z","src":"qc"}},{"type":"Feature","geometry":{"type":"Point","coordinates":[-74.18141,45.0446]},"properties":{"id":"qc-030926","name":"Rivi\u00e8re Ch\u00e2teauguay \u2014 \u00e0 1km en aval du village Athelstan","prov":"QC","kind":"river","level":47.224,"discharge":5.94,"time":"2026-08-10T16:45:00Z","src":"qc"}},{"type":"Feature","geometry":{"type":"Point","coordinates":[-74.36046,45.58142]},"properties":{"id":"qc-040135","name":"Rivi\u00e8re du Nord \u2014 \u00c0 8 km de l'embouchure \u00e0 Saint-Andr\u00e9 d'Argenteuil","prov":"QC","kind":"river","level":47.184,"discharge":27.79,"time":"2026-08-10T16:45:00Z","src":"qc","class":"normal","classBy":"qc-vigilance"}},{"type":"Feature","geometry":{"type":"Point","coordinates":[-70.56061,46.42333]},"properties":{"id":"qc-023306","name":"Rivi\u00e8re Etchemin \u2014 en aval du pont-route 277 \u00e0 la municipalit\u00e9 de Lac-Etchemin","prov":"QC","kind":"river","level":46.588,"discharge":0.58,"time":"2026-08-10T16:45:00Z","src":"qc"}},{"type":"Feature","geometry":{"type":"Point","coordinates":[-73.86247,45.89788]},"properties":{"id":"qc-052240","name":"Rivi\u00e8re Beauport \u2014 \u00e0 1 km de la confluence avec la rivi\u00e8re de l'Achigan","prov":"QC","kind":"river","level":44.537,"discharge":0.29,"time":"2026-08-10T16:45:00Z","src":"qc"}},{"type":"Feature","geometry":{"type":"Point","coordinates":[-75.10767,45.5981]},"properties":{"id":"qc-502","name":"Rivi\u00e8re de la Petite Nation \u2014 Parc National (amont)","prov":"QC","kind":"river","level":40.85,"time":"2026-08-10T17:50:00Z","src":"qc","class":"normal","classBy":"qc-vigilance"}},{"type":"Feature","geometry":{"type":"Point","coordinates":[-72.00822,45.56777]},"properties":{"id":"qc-899","name":"Rivi\u00e8re Saint-Fran\u00e7ois \u2014 Pont  des Papetiers (amont)","prov":"QC","kind":"river","level":118.511,"time":"2026-08-10T17:45:00Z","src":"qc"}},{"type":"Feature","geometry":{"type":"Point","coordinates":[-73.096,46.301]},"properties":{"id":"qc-052601","name":"Rivi\u00e8re Maskinong\u00e9 \u2014 Au pont du C.N. pr\u00e8s de Sainte-Ursule","prov":"QC","kind":"river","level":27.437,"discharge":12.81,"time":"2026-08-10T16:45:00Z","src":"qc","class":"normal","classBy":"qc-vigilance"}},{"type":"Feature","geometry":{"type":"Point","coordinates":[-71.29462,46.81558]},"properties":{"id":"qc-050918","name":"Rivi\u00e8re du Berger \u2014 Pr\u00e8s de la rue Dion \u00e0 Duberger","prov":"QC","kind":"river","level":47.298,"discharge":0.3,"time":"2026-08-10T16:45:00Z","src":"qc"}},{"type":"Feature","geometry":{"type":"Point","coordinates":[-71.56729,45.34059]},"properties":{"id":"qc-030242","name":"Rivi\u00e8re Eaton \u2014 en aval du pont-route 210 \u00e0 Sawyerville","prov":"QC","kind":"river","level":253.722,"discharge":0.19,"time":"2026-08-10T16:30:00Z","src":"qc"}},{"type":"Feature","geometry":{"type":"Point","coordinates":[-70.91796,45.99821]},"properties":{"id":"qc-023451","name":"Bras Saint-Victor \u2014 \u00e0 3.5 km en aval de La Guadeloupe","prov":"QC","kind":"river","level":47.149,"discharge":0.29,"time":"2026-08-10T16:30:00Z","src":"qc"}},{"type":"Feature","geometry":{"type":"Point","coordinates":[-74.76996,45.91109]},"properties":{"id":"qc-040240","name":"Rivi\u00e8re Maskinong\u00e9 \u2014 1 km en amont de Boileau","prov":"QC","kind":"river","level":47.691,"discharge":6.22,"time":"2026-08-10T16:45:00Z","src":"qc"}},{"type":"Feature","geometry":{"type":"Point","coordinates":[-72.65417,45.63813]},"properties":{"id":"qc-030315","name":"Rivi\u00e8re Noire \u2014 \u00e0 2,3 km en amont du pont-route 116","prov":"QC","kind":"river","level":46.393,"discharge":0.45,"time":"2026-08-10T16:45:00Z","src":"qc"}},{"type":"Feature","geometry":{"type":"Point","coordinates":[-72.33802,45.45819]},"properties":{"id":"qc-030355","name":"Rivi\u00e8re Noire \u2014 au pont du chemin Benoit \u00e0 Valcourt","prov":"QC","kind":"river","level":46.103,"discharge":0.14,"time":"2026-08-10T16:30:00Z","src":"qc"}},{"type":"Feature","geometry":{"type":"Point","coordinates":[-73.041,47.677]},"properties":{"id":"qc-050144","name":"Rivi\u00e8re Vermillon \u2014 \u00c0 0,3 km en aval de la rivi\u00e8re des Prairies","prov":"QC","kind":"river","level":48.779,"discharge":168.6,"time":"2026-08-10T17:00:00Z","src":"qc"}},{"type":"Feature","geometry":{"type":"Point","coordinates":[-71.57283,46.6965]},"properties":{"id":"qc-03280","name":"Fleuve Saint-Laurent \u2014 \u00c0 Neuville","prov":"QC","kind":"river","level":0.653,"time":"2026-08-10T17:45:00Z","src":"qc"}},{"type":"Feature","geometry":{"type":"Point","coordinates":[-73.5525,45.5035]},"properties":{"id":"qc-15520","name":"Fleuve Saint-Laurent \u2014 \u00c0 la jet\u00e9e 1 du port de Montr\u00e9al","prov":"QC","kind":"river","level":0.845,"time":"2026-08-10T17:45:00Z","src":"qc"}},{"type":"Feature","geometry":{"type":"Point","coordinates":[-71.20194,46.81111]},"properties":{"id":"qc-03248","name":"Fleuve Saint-Laurent \u2014 Au port de Qu\u00e9bec","prov":"QC","kind":"river","level":1.215,"time":"2026-08-10T17:45:00Z","src":"qc","class":"normal","classBy":"qc-vigilance"}},{"type":"Feature","geometry":{"type":"Point","coordinates":[-72.24583,46.50033]},"properties":{"id":"qc-03345","name":"Fleuve Saint-Laurent \u2014 \u00c0 Batiscan","prov":"QC","kind":"river","level":1.373,"time":"2026-08-10T17:45:00Z","src":"qc","class":"normal","classBy":"qc-vigilance"}},{"type":"Feature","geometry":{"type":"Point","coordinates":[-72.13153,45.47081]},"properties":{"id":"qc-030247","name":"Lac Brompton \u2014 Au lac Brompton \u00e0 Saint-Denis-de-Brompton","prov":"QC","kind":"lake","level":238.34,"time":"2026-08-10T17:00:00Z","src":"qc","class":"normal","classBy":"qc-vigilance"}},{"type":"Feature","geometry":{"type":"Point","coordinates":[-74.13729,45.76693]},"properties":{"id":"qc-040134","name":"Ruisseau Bonniebrook \u2014 En amont du pont de la rue du Mont Castel","prov":"QC","kind":"river","level":46.368,"discharge":0.45,"time":"2026-08-10T16:30:00Z","src":"qc"}},{"type":"Feature","geometry":{"type":"Point","coordinates":[-73.5425,45.52867]},"properties":{"id":"qc-15540","name":"Fleuve Saint-Laurent \u2014 En bordure de la rue Frontenac \u00e0 Montr\u00e9al","prov":"QC","kind":"river","level":0.782,"time":"2026-08-10T17:45:00Z","src":"qc"}},{"type":"Feature","geometry":{"type":"Point","coordinates":[-64.86811,56.783]},"properties":{"id":"qc-104803","name":"Rivi\u00e8re George \u2014 \u00c0 la sortie du lac de la Hutte Sauvage","prov":"QC","kind":"river","level":27.582,"discharge":870.1,"time":"2026-08-10T17:00:00Z","src":"qc"}},{"type":"Feature","geometry":{"type":"Point","coordinates":[-69.909,48.268]},"properties":{"id":"qc-062803","name":"Rivi\u00e8re Sainte-Marguerite Nord-Est \u2014 \u00c0 1,7 km de la rivi\u00e8re Sainte-Marguerite","prov":"QC","kind":"river","level":26.154,"discharge":21.3,"time":"2026-08-10T16:45:00Z","src":"qc","class":"normal","classBy":"qc-vigilance"}},{"type":"Feature","geometry":{"type":"Point","coordinates":[-74.27535,46.11898]},"properties":{"id":"qc-040103","name":"Lac Ludger \u2014 Au lac Ludger \u00e0 Sainte-Agathe-des-Monts","prov":"QC","kind":"lake","level":375.421,"time":"2026-08-10T17:00:00Z","src":"qc"}},{"type":"Feature","geometry":{"type":"Point","coordinates":[-71.688,46.696]},"properties":{"id":"qc-050812","name":"Rivi\u00e8re aux Pommes \u2014 \u00c0 1,6 km en aval de la rivi\u00e8re Noire","prov":"QC","kind":"river","level":48.068,"discharge":1.06,"time":"2026-08-10T16:45:00Z","src":"qc"}},{"type":"Feature","geometry":{"type":"Point","coordinates":[-72.85785,45.95391]},"properties":{"id":"qc-030316","name":"Rivi\u00e8re David \u2014 Au pont-route \u00e0 Saint-David","prov":"QC","kind":"river","level":27.05,"discharge":0.89,"time":"2026-08-10T16:45:00Z","src":"qc"}},{"type":"Feature","geometry":{"type":"Point","coordinates":[-71.66417,46.96631]},"properties":{"id":"qc-050813","name":"D\u00e9charge du lac Clair \u2014 \u00c0 500 m \u00e0 l'aval du lac Clair","prov":"QC","kind":"lake","level":47.97,"discharge":0.06,"time":"2026-08-10T05:45:00Z","src":"qc"}},{"type":"Feature","geometry":{"type":"Point","coordinates":[-70.8853,46.308]},"properties":{"id":"qc-Saint-Joseph-de-Beauce","name":"Rivi\u00e8re Chaudi\u00e8re \u2014 Au pont-route 276 \u00e0 Saint-Joseph","prov":"QC","kind":"river","level":142.53,"time":"2026-08-10T17:45:14Z","src":"qc","class":"normal","classBy":"qc-vigilance"}},{"type":"Feature","geometry":{"type":"Point","coordinates":[-71.0235,46.4372]},"properties":{"id":"qc-Sainte-Marie","name":"Rivi\u00e8re Chaudi\u00e8re \u2014 Au pont-route 216 \u00e0 Sainte-Marie","prov":"QC","kind":"river","level":140.58,"time":"2026-08-10T17:45:12Z","src":"qc","class":"normal","classBy":"qc-vigilance"}},{"type":"Feature","geometry":{"type":"Point","coordinates":[-71.319,46.816]},"properties":{"id":"qc-050904","name":"Rivi\u00e8re Saint-Charles \u2014 \u00c0 0,8 km en amont de la Lorette","prov":"QC","kind":"river","level":27.077,"discharge":2.77,"time":"2026-08-10T16:30:00Z","src":"qc","class":"normal","classBy":"qc-vigilance"}},{"type":"Feature","geometry":{"type":"Point","coordinates":[-70.88044,45.57306]},"properties":{"id":"qc-023427","name":"Rivi\u00e8re Chaudi\u00e8re \u2014 En aval du barrage M\u00e9gantic","prov":"QC","kind":"river","level":392.362,"discharge":3.35,"time":"2026-08-10T17:00:00Z","src":"qc","class":"normal","classBy":"qc-vigilance"}},{"type":"Feature","geometry":{"type":"Point","coordinates":[-70.654,46.096]},"properties":{"id":"qc-023429","name":"Rivi\u00e8re Chaudi\u00e8re \u2014 \u00c0 0,1 km en aval du barrage Sartigan","prov":"QC","kind":"river","level":167.191,"discharge":14.17,"time":"2026-08-10T17:15:00Z","src":"qc","class":"normal","classBy":"qc-vigilance"}},{"type":"Feature","geometry":{"type":"Point","coordinates":[-71.13714,47.27061]},"properties":{"id":"qc-051003","name":"Ruisseau des Eaux Vol\u00e9es \u2014 \u00c0 0,2 km de la rivi\u00e8re Montmorency","prov":"QC","kind":"river","level":28.532,"discharge":0.17,"time":"2026-08-10T16:30:00Z","src":"qc"}},{"type":"Feature","geometry":{"type":"Point","coordinates":[-71.137,47.26]},"properties":{"id":"qc-051005","name":"Rivi\u00e8re Montmorency \u2014 \u00c0 0,3 km en amont de la rivi\u00e8re Blanche, for\u00eat Montmorency","prov":"QC","kind":"river","level":552.483,"discharge":6.37,"time":"2026-08-10T16:30:00Z","src":"qc","class":"normal","classBy":"qc-vigilance"}},{"type":"Feature","geometry":{"type":"Point","coordinates":[-70.218,47.694]},"properties":{"id":"qc-051502","name":"Rivi\u00e8re Malbaie \u2014 \u00c0 0.3 km en aval du pont-route \u00e0 Clermont","prov":"QC","kind":"river","level":26.935,"discharge":37.65,"time":"2026-08-10T16:30:00Z","src":"qc","class":"normal","classBy":"qc-vigilance"}},{"type":"Feature","geometry":{"type":"Point","coordinates":[-73.705,46.031]},"properties":{"id":"qc-052212","name":"Rivi\u00e8re Ouareau \u2014 \u00c0 la t\u00eate des chutes Dorwin","prov":"QC","kind":"river","level":28.303,"discharge":17.66,"time":"2026-08-10T16:45:00Z","src":"qc","class":"normal","classBy":"qc-vigilance"}},{"type":"Feature","geometry":{"type":"Point","coordinates":[-73.429,46.013]},"properties":{"id":"qc-052219","name":"Rivi\u00e8re L'Assomption \u2014 Au pont-route 158 \u00e0 Joliette","prov":"QC","kind":"river","level":39.918,"discharge":13.27,"time":"2026-08-10T16:45:00Z","src":"qc","class":"normal","classBy":"qc-vigilance"}},{"type":"Feature","geometry":{"type":"Point","coordinates":[-73.654,46.341]},"properties":{"id":"qc-052228","name":"Rivi\u00e8re Noire \u2014 \u00c0 2,6 km en amont du pont-route \u00e0 Sainte-\u00c9m\u00e9lie-de-l'\u00c9nergie","prov":"QC","kind":"river","level":27.067,"discharge":1.16,"time":"2026-08-10T16:45:00Z","src":"qc","class":"normal","classBy":"qc-vigilance"}},{"type":"Feature","geometry":{"type":"Point","coordinates":[-73.493,45.846]},"properties":{"id":"qc-052233","name":"Rivi\u00e8re L'Achigan \u2014 Au pont-route 341\u00e0 L'\u00c9piphanie","prov":"QC","kind":"river","level":29.114,"discharge":4.21,"time":"2026-08-10T16:45:00Z","src":"qc","class":"normal","classBy":"qc-vigilance"}},{"type":"Feature","geometry":{"type":"Point","coordinates":[-73.663,45.9]},"properties":{"id":"qc-052238","name":"Rivi\u00e8re Saint-Esprit \u2014 \u00c0 Saint-Esprit","prov":"QC","kind":"river","level":46.781,"discharge":1.12,"time":"2026-08-10T16:30:00Z","src":"qc"}},{"type":"Feature","geometry":{"type":"Point","coordinates":[-73.3908,46.15709]},"properties":{"id":"qc-052401","name":"Rivi\u00e8re Bayonne \u2014 \u00c0 Saint-F\u00e9lix-de-Valois","prov":"QC","kind":"river","level":28.502,"discharge":1.26,"time":"2026-08-10T16:45:00Z","src":"qc","class":"normal","classBy":"qc-vigilance"}},{"type":"Feature","geometry":{"type":"Point","coordinates":[-69.72975,48.12633]},"properties":{"id":"qc-03424","name":"Rivi\u00e8re Saguenay \u2014 \u00c0 Baie Ste-Catherine","prov":"QC","kind":"river","level":3.547,"time":"2026-08-10T17:45:00Z","src":"qc"}},{"type":"Feature","geometry":{"type":"Point","coordinates":[-73.397,46.304]},"properties":{"id":"qc-052603","name":"Lac Maskinong\u00e9 \u2014 \u00c0 Saint-Gabriel-de-Brandon","prov":"QC","kind":"lake","level":142.6,"time":"2026-08-10T17:00:00Z","src":"qc","class":"normal","classBy":"qc-vigilance"}},{"type":"Feature","geometry":{"type":"Point","coordinates":[-73.2777,46.3267]},"properties":{"id":"qc-052604","name":"Rivi\u00e8re Maskinong\u00e9 \u2014 Sur la rivi\u00e8re Maskinong\u00e9 \u00e0 Saint-Didace","prov":"QC","kind":"river","level":142.528,"time":"2026-08-10T17:15:00Z","src":"qc"}},{"type":"Feature","geometry":{"type":"Point","coordinates":[-73.462,46.442]},"properties":{"id":"qc-052606","name":"Rivi\u00e8re Mastigouche \u2014 \u00c0 0,1 km en aval du lac Sainte-Rose","prov":"QC","kind":"river","level":29.772,"discharge":3.93,"time":"2026-08-10T17:15:00Z","src":"qc","class":"normal","classBy":"qc-vigilance"}},{"type":"Feature","geometry":{"type":"Point","coordinates":[-67.65458,49.33075]},"properties":{"id":"qc-071401","name":"Rivi\u00e8re Godbout \u2014 \u00c0 1,6 km en amont du pont-route 138","prov":"QC","kind":"river","level":30.056,"discharge":40.65,"time":"2026-08-10T17:00:00Z","src":"qc","class":"normal","classBy":"qc-vigilance"}},{"type":"Feature","geometry":{"type":"Point","coordinates":[-71.34,46.54]},"properties":{"id":"qc-023432","name":"Rivi\u00e8re Bras d'Henri \u2014 \u00c0 2,3 km de la rivi\u00e8re Beaurivage","prov":"QC","kind":"river","level":116.148,"discharge":0.1,"time":"2026-08-10T16:45:00Z","src":"qc"}},{"type":"Feature","geometry":{"type":"Point","coordinates":[-70.65074,46.09594]},"properties":{"id":"qc-023446","name":"Rivi\u00e8re Chaudi\u00e8re \u2014 \u00c0 0.2 km en amont du barrage Sartigan","prov":"QC","kind":"river","level":173.68,"time":"2026-08-10T17:00:00Z","src":"qc"}},{"type":"Feature","geometry":{"type":"Point","coordinates":[-70.998,48.205]},"properties":{"id":"qc-060704","name":"Rivi\u00e8re \u00e0 Mars \u2014 \u00c0 la fosse 80 dans la zec de la rivi\u00e8re \u00e0 Mars","prov":"QC","kind":"river","level":45.278,"discharge":9.18,"time":"2026-08-10T16:45:00Z","src":"qc","class":"normal","classBy":"qc-vigilance"}},{"type":"Feature","geometry":{"type":"Point","coordinates":[-71.441,48.305]},"properties":{"id":"qc-061028","name":"Rivi\u00e8re Pikauba \u2014 \u00c0 3,6 km de l'embouchure de la rivi\u00e8re Pikauba","prov":"QC","kind":"river","level":172.635,"discharge":72.61,"time":"2026-08-10T17:00:00Z","src":"qc"}},{"type":"Feature","geometry":{"type":"Point","coordinates":[-71.21186,48.30942]},"properties":{"id":"qc-061001","name":"Lac-K\u00e9nogami \u2014 Au Lac-K\u00e9nogami au barrage de Portage-des-Roches","prov":"QC","kind":"lake","level":163.636,"time":"2026-08-10T17:00:00Z","src":"qc","class":"normal","classBy":"qc-vigilance"}},{"type":"Feature","geometry":{"type":"Point","coordinates":[-72.242,48.202]},"properties":{"id":"qc-061601","name":"Lac des Commissaires \u2014 Au lac des Commissaires \u00e0 Lac-Bouchette","prov":"QC","kind":"lake","level":329.485,"time":"2026-08-10T17:00:00Z","src":"qc","class":"normal","classBy":"qc-vigilance"}},{"type":"Feature","geometry":{"type":"Point","coordinates":[-72.24011,48.20375]},"properties":{"id":"qc-061602","name":"Rivi\u00e8re Ouiatchouan \u2014 \u00c0 0,3 km en aval du barrage des Commissaires","prov":"QC","kind":"river","level":325.568,"discharge":24.35,"time":"2026-08-10T17:15:00Z","src":"qc","class":"normal","classBy":"qc-vigilance"}},{"type":"Feature","geometry":{"type":"Point","coordinates":[-72.046,48.815]},"properties":{"id":"qc-061801","name":"Petite rivi\u00e8re P\u00e9ribonka \u2014 \u00c0 0,2 km en amont du pont-route 169","prov":"QC","kind":"river","level":28.341,"discharge":31.79,"time":"2026-08-10T16:30:00Z","src":"qc","class":"normal","classBy":"qc-vigilance"}},{"type":"Feature","geometry":{"type":"Point","coordinates":[-72.488,48.686]},"properties":{"id":"qc-061901","name":"Rivi\u00e8re Ashuapmushuan \u2014 \u00c0 la t\u00eate de la chute aux Saumons","prov":"QC","kind":"river","level":24.579,"discharge":220.4,"time":"2026-08-10T16:30:00Z","src":"qc","class":"normal","classBy":"qc-vigilance"}},{"type":"Feature","geometry":{"type":"Point","coordinates":[-73.762,45.1]},"properties":{"id":"qc-030921","name":"Rivi\u00e8re des Anglais \u2014 \u00c0 environ 70 m en amont de la confluence avec la rivi\u00e8re Noire, \u00e0 Saint-Chrysostome","prov":"QC","kind":"river","level":45.46,"discharge":0.49,"time":"2026-08-10T16:30:00Z","src":"qc"}},{"type":"Feature","geometry":{"type":"Point","coordinates":[-70.97219,48.48794]},"properties":{"id":"qc-062701","name":"Rivi\u00e8re Valin \u2014 \u00c0 3,5 km de l'embouchure","prov":"QC","kind":"river","level":29.358,"discharge":29.14,"time":"2026-08-10T16:30:00Z","src":"qc"}},{"type":"Feature","geometry":{"type":"Point","coordinates":[-72.21761,48.53661]},"properties":{"id":"qc-062914","name":"Lac Saint-Jean \u2014 \u00c0 Roberval (pr\u00e8s du centre aquatique)","prov":"QC","kind":"reservoir","level":101.278,"time":"2026-08-10T16:45:00Z","src":"qc","class":"normal","classBy":"qc-vigilance","resName":"Lac Saint-Jean","resOperator":"Rio Tinto (Isle-Maligne)","fslM":101.84}},{"type":"Feature","geometry":{"type":"Point","coordinates":[-75.0217,45.88389]},"properties":{"id":"qc-040409","name":"Rivi\u00e8re Suffolk \u2014 \u00c0 0,2 km en amont du pont-route \u00e0 Cheneville","prov":"QC","kind":"river","level":30.418,"discharge":0.52,"time":"2026-08-10T16:30:00Z","src":"qc","class":"normal","classBy":"qc-vigilance"}},{"type":"Feature","geometry":{"type":"Point","coordinates":[-73.64,45.69281]},"properties":{"id":"qc-043208","name":"Rivi\u00e8re des Mille \u00celes \u2014 Sur la rivi\u00e8re des Mille \u00celes \u00e0 Terrebonne","prov":"QC","kind":"river","level":13.893,"time":"2026-08-10T17:15:00Z","src":"qc","class":"normal","classBy":"qc-vigilance"}},{"type":"Feature","geometry":{"type":"Point","coordinates":[-74.23147,56.45453]},"properties":{"id":"qc-095003","name":"Lac des Loups Marins \u2014 Dans le bassin versant de la rivi\u00e8re Nastapoca","prov":"QC","kind":"lake","level":29.289,"discharge":271.5,"time":"2026-08-10T17:00:00Z","src":"qc"}},{"type":"Feature","geometry":{"type":"Point","coordinates":[-71.32511,58.28444]},"properties":{"id":"qc-102706","name":"Rivi\u00e8re aux Feuilles \u2014 \u00c0 2,8 km en amont du ruisseau Dufreboy","prov":"QC","kind":"river","level":47.046,"discharge":680.3,"time":"2026-08-10T16:00:00Z","src":"qc"}},{"type":"Feature","geometry":{"type":"Point","coordinates":[-74.602,46.115]},"properties":{"id":"qc-040238","name":"Rivi\u00e8re du Diable \u2014 \u00c0 100 m\u00e8tres en amont du pont de la route 117","prov":"QC","kind":"river","level":195.113,"discharge":22.76,"time":"2026-08-10T16:30:00Z","src":"qc","class":"normal","classBy":"qc-vigilance"}},{"type":"Feature","geometry":{"type":"Point","coordinates":[-74.94681,46.21078]},"properties":{"id":"qc-040239","name":"Lac Chapleau \u2014 Au lac Chapleau \u00e0 La Minerve","prov":"QC","kind":"lake","level":266.501,"time":"2026-08-10T17:15:00Z","src":"qc"}},{"type":"Feature","geometry":{"type":"Point","coordinates":[-70.87222,48.2775]},"properties":{"id":"qc-060601","name":"Rivi\u00e8re Ha! Ha! \u2014 \u00c0 7.1 km de l'embouchure","prov":"QC","kind":"river","level":139.971,"discharge":10.65,"time":"2026-08-10T16:45:00Z","src":"qc"}},{"type":"Feature","geometry":{"type":"Point","coordinates":[-72.22606,45.39397]},"properties":{"id":"qc-030268","name":"Lac Stukely \u2014 Au lac Stukely \u00e0 Orford","prov":"QC","kind":"lake","level":284.357,"time":"2026-08-10T17:15:00Z","src":"qc","class":"normal","classBy":"qc-vigilance"}},{"type":"Feature","geometry":{"type":"Point","coordinates":[-71.40622,45.76036]},"properties":{"id":"qc-030278","name":"Rivi\u00e8re Saint-Fran\u00e7ois \u2014 \u00c0 0,1 km en aval du barrage Aylmer","prov":"QC","kind":"river","level":243.673,"discharge":8.1,"time":"2026-08-10T17:15:00Z","src":"qc","class":"normal","classBy":"qc-vigilance"}},{"type":"Feature","geometry":{"type":"Point","coordinates":[-71.422,45.738]},"properties":{"id":"qc-030289","name":"Lac Louise \u2014 \u00c0 Weedon","prov":"QC","kind":"lake","level":242.748,"time":"2026-08-10T17:00:00Z","src":"qc","class":"normal","classBy":"qc-vigilance"}},{"type":"Feature","geometry":{"type":"Point","coordinates":[-71.46839,45.65839]},"properties":{"id":"qc-030284","name":"Rivi\u00e8re Saint-Fran\u00e7ois \u2014 \u00c0 0,5 km en aval de la centrale de Weedon","prov":"QC","kind":"river","level":28.68,"discharge":9.66,"time":"2026-08-10T17:15:00Z","src":"qc","class":"normal","classBy":"qc-vigilance"}},{"type":"Feature","geometry":{"type":"Point","coordinates":[-71.326,45.80625]},"properties":{"id":"qc-030296","name":"Lac Aylmer \u2014 Au quai de la municipalit\u00e9 de Stratford","prov":"QC","kind":"lake","level":247.758,"time":"2026-08-10T17:15:00Z","src":"qc","class":"normal","classBy":"qc-vigilance"}},{"type":"Feature","geometry":{"type":"Point","coordinates":[-75.089,45.791]},"properties":{"id":"qc-040406","name":"Rivi\u00e8re de la Petite Nation \u2014 Au pont \u00e0 1,6 km en amont de Ripon","prov":"QC","kind":"river","level":155.548,"discharge":20.91,"time":"2026-08-10T16:30:00Z","src":"qc","class":"normal","classBy":"qc-vigilance"}},{"type":"Feature","geometry":{"type":"Point","coordinates":[-78.09658,51.53358]},"properties":{"id":"qc-081101","name":"Rivi\u00e8re Pontax \u2014 \u00c0 60,4 km de l'embouchure de la rivi\u00e8re Pontax","prov":"QC","kind":"river","level":26.232,"discharge":41.84,"time":"2026-08-10T17:00:00Z","src":"qc"}},{"type":"Feature","geometry":{"type":"Point","coordinates":[-66.18667,50.3525]},"properties":{"id":"qc-072301","name":"Rivi\u00e8re Moisie \u2014 \u00c0 5,1 km en amont du pont du Q.N.S.L.R.","prov":"QC","kind":"river","level":30.38,"discharge":1070.0,"time":"2026-08-10T17:00:00Z","src":"qc","class":"normal","classBy":"qc-vigilance"}},{"type":"Feature","geometry":{"type":"Point","coordinates":[-79.22904,48.74928]},"properties":{"id":"qc-089902","name":"Lac Abitibi \u2014 \u00c0 Mancebourg","prov":"QC","kind":"lake","level":264.843,"time":"2026-08-10T16:30:00Z","src":"qc"}},{"type":"Feature","geometry":{"type":"Point","coordinates":[-76.98478,55.23789]},"properties":{"id":"qc-093801","name":"Grande Rivi\u00e8re de la Baleine \u2014 \u00c0 30,6 km en amont de la rivi\u00e8re Denys","prov":"QC","kind":"river","level":29.613,"discharge":609.5,"time":"2026-08-10T17:00:00Z","src":"qc"}},{"type":"Feature","geometry":{"type":"Point","coordinates":[-75.648,46.101]},"properties":{"id":"qc-040602","name":"Rivi\u00e8re du Li\u00e8vre \u2014 Au lac du Poisson Blanc \u00e0 Notre-Dame-du-Laus","prov":"QC","kind":"river","level":201.01,"time":"2026-08-10T17:15:00Z","src":"qc","class":"normal","classBy":"qc-vigilance"}},{"type":"Feature","geometry":{"type":"Point","coordinates":[-71.645,48.183]},"properties":{"id":"qc-061020","name":"Rivi\u00e8re aux \u00c9corces \u2014 \u00c0 0,6 km en amont du pont-route 169","prov":"QC","kind":"river","level":28.109,"discharge":34.71,"time":"2026-08-10T17:00:00Z","src":"qc","class":"normal","classBy":"qc-vigilance"}},{"type":"Feature","geometry":{"type":"Point","coordinates":[-71.382,47.942]},"properties":{"id":"qc-061022","name":"Rivi\u00e8re Pikauba \u2014 \u00c0 8,2 km en amont de la rivi\u00e8re Apica","prov":"QC","kind":"river","level":29.258,"discharge":13.5,"time":"2026-08-10T17:00:00Z","src":"qc"}},{"type":"Feature","geometry":{"type":"Point","coordinates":[-71.289,48.236]},"properties":{"id":"qc-061024","name":"Rivi\u00e8re Cyriac \u2014 \u00c0 9 km de l'embouchure de la rivi\u00e8re Cyriac","prov":"QC","kind":"river","level":97.149,"discharge":8.21,"time":"2026-08-10T17:00:00Z","src":"qc"}},{"type":"Feature","geometry":{"type":"Point","coordinates":[-70.9292,46.374]},"properties":{"id":"qc-Vall\u00e9e-Jonction","name":"Rivi\u00e8re Chaudi\u00e8re \u2014 Au pont-route 112 \u00e0 Vall\u00e9e-Jonction","prov":"QC","kind":"river","level":143.3,"time":"2026-08-10T17:45:14Z","src":"qc","class":"normal","classBy":"qc-vigilance"}},{"type":"Feature","geometry":{"type":"Point","coordinates":[-71.20155,46.78085]},"properties":{"id":"qc-396","name":"Ruisseau Rouge                                                                                                                                                                                                                                                 \u2014 \u00c0 l'embouchure, pr\u00e8s de la rue Saint-Laurent, \u00e0 L\u00e9vis","prov":"QC","kind":"river","level":3.184,"time":"2026-08-10T17:45:00Z","src":"qc","class":"normal","classBy":"qc-vigilance"}},{"type":"Feature","geometry":{"type":"Point","coordinates":[-75.85846,45.39424]},"properties":{"id":"qc-413","name":"Rivi\u00e8re des Outaouais \u2014 Marina d'Aylmer","prov":"QC","kind":"river","level":57.74,"time":"2026-08-10T17:45:00Z","src":"qc","class":"normal","classBy":"qc-vigilance"}},{"type":"Feature","geometry":{"type":"Point","coordinates":[-76.2365,45.52105]},"properties":{"id":"qc-504","name":"Rivi\u00e8re Quyon                                                                                                                                                                                                                                                  \u2014 Au pont de la rue Egan \u00e0 Quyon","prov":"QC","kind":"river","level":58.63,"time":"2026-08-10T17:45:00Z","src":"qc","class":"normal","classBy":"qc-vigilance"}},{"type":"Feature","geometry":{"type":"Point","coordinates":[-61.71222,50.4275]},"properties":{"id":"qc-074903","name":"Rivi\u00e8re Natashquan \u2014 \u00c0 0,6 km en aval de la d\u00e9charge du lac Alieste","prov":"QC","kind":"river","level":26.525,"discharge":279.2,"time":"2026-08-10T17:00:00Z","src":"qc","class":"normal","classBy":"qc-vigilance"}},{"type":"Feature","geometry":{"type":"Point","coordinates":[-59.60194,50.68083]},"properties":{"id":"qc-075705","name":"Rivi\u00e8re du Petit M\u00e9catina \u2014 \u00c0 1,0 km en amont de la N\u00e9tagamiou","prov":"QC","kind":"river","level":94.311,"discharge":333.8,"time":"2026-08-10T16:00:00Z","src":"qc","class":"normal","classBy":"qc-vigilance"}},{"type":"Feature","geometry":{"type":"Point","coordinates":[-72.516,45.338]},"properties":{"id":"qc-030332","name":"Lac Waterloo \u2014 Au lac Waterloo \u00e0 Waterloo","prov":"QC","kind":"lake","level":207.986,"time":"2026-08-10T17:00:00Z","src":"qc"}},{"type":"Feature","geometry":{"type":"Point","coordinates":[-73.12311,45.52172]},"properties":{"id":"qc-030429","name":"Ruisseau \u00e0 l'Ours \u2014 \u00c0 Saint-Jean-Baptiste","prov":"QC","kind":"river","level":45.807,"discharge":0.08,"time":"2026-08-10T16:30:00Z","src":"qc"}},{"type":"Feature","geometry":{"type":"Point","coordinates":[-72.00089,46.73717]},"properties":{"id":"qc-050501","name":"Rivi\u00e8re de la Chevroti\u00e8re \u2014 Sur la route du Moulin","prov":"QC","kind":"river","level":28.391,"discharge":0.08,"time":"2026-08-10T16:30:00Z","src":"qc"}},{"type":"Feature","geometry":{"type":"Point","coordinates":[-73.74829,45.36104]},"properties":{"id":"qc-430","name":"Rivi\u00e8re Ch\u00e2teauguay \u2014 Ch\u00e2teauguay-Pont Arthur-Laberge","prov":"QC","kind":"river","level":21.1,"time":"2026-08-10T17:45:00Z","src":"qc","class":"normal","classBy":"qc-vigilance"}},{"type":"Feature","geometry":{"type":"Point","coordinates":[-72.939,45.629]},"properties":{"id":"qc-030345","name":"Rivi\u00e8re Yamaska \u2014 \u00c0 1,8 km en aval du barrage \u00e0 Saint-Hyacinthe","prov":"QC","kind":"river","level":18.917,"discharge":5.92,"time":"2026-08-10T16:30:00Z","src":"qc","class":"normal","classBy":"qc-vigilance"}},{"type":"Feature","geometry":{"type":"Point","coordinates":[-73.033,45.198]},"properties":{"id":"qc-030423","name":"Ruisseau Morpions \u2014 \u00c0 3,1 km en amont de la rivi\u00e8re aux Brochets","prov":"QC","kind":"river","level":46.839,"discharge":0.04,"time":"2026-08-10T16:45:00Z","src":"qc"}},{"type":"Feature","geometry":{"type":"Point","coordinates":[-71.841,46.728]},"properties":{"id":"qc-050702","name":"Rivi\u00e8re Portneuf \u2014 \u00c0 7,5 km de l'embouchure de la rivi\u00e8re Porneuf","prov":"QC","kind":"river","level":48.059,"discharge":3.44,"time":"2026-08-10T16:45:00Z","src":"qc","class":"normal","classBy":"qc-vigilance"}},{"type":"Feature","geometry":{"type":"Point","coordinates":[-71.40997,45.75292]},"properties":{"id":"qc-030298","name":"Rivi\u00e8re Saint-Fran\u00e7ois \u2014 \u00c0 1 km en aval du barrage Aylmer","prov":"QC","kind":"river","level":47.148,"discharge":6.48,"time":"2026-08-10T17:15:00Z","src":"qc","class":"normal","classBy":"qc-vigilance"}},{"type":"Feature","geometry":{"type":"Point","coordinates":[-72.60992,45.41775]},"properties":{"id":"qc-030309","name":"R\u00e9servoir Choini\u00e8re \u2014 \u00c0 0,2 km en amont du pont-route \u00e0 Shefford-Vale","prov":"QC","kind":"lake","level":30.308,"discharge":1.35,"time":"2026-08-10T17:15:00Z","src":"qc","class":"normal","classBy":"qc-vigilance"}},{"type":"Feature","geometry":{"type":"Point","coordinates":[-79.27318,47.04242]},"properties":{"id":"qc-042610","name":"Rivi\u00e8re Kipawa \u2014 \u00c0 0.2 km en aval du barrage de Laniel","prov":"QC","kind":"river","level":47.567,"discharge":19.68,"time":"2026-08-10T17:15:00Z","src":"qc"}},{"type":"Feature","geometry":{"type":"Point","coordinates":[-70.655,45.948]},"properties":{"id":"qc-023448","name":"Rivi\u00e8re Chaudi\u00e8re \u2014 \u00c0 Saint-Martin \u00e0 la passerelle de motoneige","prov":"QC","kind":"river","level":43.674,"discharge":6.47,"time":"2026-08-10T17:15:00Z","src":"qc"}},{"type":"Feature","geometry":{"type":"Point","coordinates":[-71.655,45.468]},"properties":{"id":"qc-030234","name":"Rivi\u00e8re Eaton \u2014 \u00c0 0,6 km de la rivi\u00e8re Saint-Fran\u00e7ois","prov":"QC","kind":"river","level":25.327,"discharge":1.37,"time":"2026-08-10T17:15:00Z","src":"qc","class":"normal","classBy":"qc-vigilance"}},{"type":"Feature","geometry":{"type":"Point","coordinates":[-71.042,48.394]},"properties":{"id":"qc-060901","name":"Rivi\u00e8re du Moulin \u2014 En amont du seuil \u00e0 l'entr\u00e9e du parc du Moulin","prov":"QC","kind":"river","level":49.364,"discharge":9.2,"time":"2026-08-10T16:45:00Z","src":"qc","class":"normal","classBy":"qc-vigilance"}},{"type":"Feature","geometry":{"type":"Point","coordinates":[-71.197,48.306]},"properties":{"id":"qc-061004","name":"Rivi\u00e8re Chicoutimi \u2014 \u00c0 0,3 km en aval du barrage de Portage-des-Roches","prov":"QC","kind":"river","level":151.15,"discharge":48.07,"time":"2026-08-10T17:00:00Z","src":"qc","class":"normal","classBy":"qc-vigilance"}},{"type":"Feature","geometry":{"type":"Point","coordinates":[-71.067,48.433]},"properties":{"id":"qc-03480","name":"Rivi\u00e8re Saguenay \u2014 En aval du pont Dubuc \u00e0 Saguenay","prov":"QC","kind":"river","level":3.439,"time":"2026-08-10T17:45:00Z","src":"qc"}},{"type":"Feature","geometry":{"type":"Point","coordinates":[-73.44367,45.68433]},"properties":{"id":"qc-15660","name":"Fleuve Saint-Laurent \u2014 \u00c0 Varennes","prov":"QC","kind":"river","level":0.744,"time":"2026-08-10T17:45:00Z","src":"qc","class":"normal","classBy":"qc-vigilance"}},{"type":"Feature","geometry":{"type":"Point","coordinates":[-69.954,47.381]},"properties":{"id":"qc-022704","name":"Rivi\u00e8re Ouelle \u2014 \u00c0 2,7 km en aval du pont-route pr\u00e8s de Saint-Gabriel-de-Kamouraska","prov":"QC","kind":"river","level":48.492,"discharge":2.03,"time":"2026-08-10T16:30:00Z","src":"qc","class":"normal","classBy":"qc-vigilance"}},{"type":"Feature","geometry":{"type":"Point","coordinates":[-70.96053,46.70753]},"properties":{"id":"qc-023002","name":"Rivi\u00e8re Boyer Sud \u2014 En amont du pont-route du chemin de la Grande-Grillade","prov":"QC","kind":"river","level":47.815,"discharge":0.06,"time":"2026-08-10T16:30:00Z","src":"qc"}},{"type":"Feature","geometry":{"type":"Point","coordinates":[-71.968,45.792]},"properties":{"id":"qc-030101","name":"Rivi\u00e8re Nicolet Sud-Ouest \u2014 \u00c0 50 m\u00e8tres en amont de la chute Nicolet pr\u00e8s du chemin Castle Bar","prov":"QC","kind":"river","level":154.882,"discharge":0.92,"time":"2026-08-10T16:45:00Z","src":"qc","class":"normal","classBy":"qc-vigilance"}},{"type":"Feature","geometry":{"type":"Point","coordinates":[-71.75414,46.18403]},"properties":{"id":"qc-024015","name":"Rivi\u00e8re Bourbon \u2014 Sur le 11e rang \u00e0 Plessisville","prov":"QC","kind":"river","level":161.709,"discharge":0.05,"time":"2026-08-10T16:30:00Z","src":"qc","class":"normal","classBy":"qc-vigilance"}},{"type":"Feature","geometry":{"type":"Point","coordinates":[-71.3825,46.22389]},"properties":{"id":"qc-024016","name":"Rivi\u00e8re Osgood \u2014 Au pont de la rue des \u00c9glises \u00e0 Kinnear's Mills","prov":"QC","kind":"river","level":266.28,"discharge":0.1,"time":"2026-08-10T16:30:00Z","src":"qc"}},{"type":"Feature","geometry":{"type":"Point","coordinates":[-71.385,45.58]},"properties":{"id":"qc-030282","name":"Rivi\u00e8re au Saumon \u2014 \u00c0 1,9 km en amont du ruisseau McGill","prov":"QC","kind":"river","level":272.29,"discharge":1.69,"time":"2026-08-10T17:15:00Z","src":"qc","class":"normal","classBy":"qc-vigilance"}},{"type":"Feature","geometry":{"type":"Point","coordinates":[-71.89147,45.27919]},"properties":{"id":"qc-030283","name":"Rivi\u00e8re Coaticook \u2014 Sur la rivi\u00e8re Coaticook \u00e0 Waterville","prov":"QC","kind":"river","level":188.736,"time":"2026-08-10T17:00:00Z","src":"qc","class":"normal","classBy":"qc-vigilance"}},{"type":"Feature","geometry":{"type":"Point","coordinates":[-72.50494,45.22639]},"properties":{"id":"qc-030350","name":"Lac Brome \u2014 \u00c0 la plage municipale de la ville de Lac-Brome","prov":"QC","kind":"lake","level":196.814,"time":"2026-08-10T17:15:00Z","src":"qc"}},{"type":"Feature","geometry":{"type":"Point","coordinates":[-73.186,45.491]},"properties":{"id":"qc-030415","name":"Rivi\u00e8re des Hurons \u2014 Au pont-route du chemin de la rivi\u00e8re des Hurons Ouest","prov":"QC","kind":"river","level":23.244,"discharge":1.14,"time":"2026-08-10T16:30:00Z","src":"qc","class":"normal","classBy":"qc-vigilance"}},{"type":"Feature","geometry":{"type":"Point","coordinates":[-73.371,45.39]},"properties":{"id":"qc-030421","name":"Rivi\u00e8re L'Acadie \u2014 \u00c0 3,0 km en amont du pont de l'autoroute 10","prov":"QC","kind":"river","level":27.472,"discharge":0.35,"time":"2026-08-10T16:30:00Z","src":"qc","class":"normal","classBy":"qc-vigilance"}},{"type":"Feature","geometry":{"type":"Point","coordinates":[-74.27667,46.18256]},"properties":{"id":"qc-040101","name":"Lac de la Montagne-Noire \u2014 Au lac de la Montagne Noire \u00e0 Lantier","prov":"QC","kind":"lake","level":453.511,"time":"2026-08-10T17:15:00Z","src":"qc"}},{"type":"Feature","geometry":{"type":"Point","coordinates":[-74.30672,46.12708]},"properties":{"id":"qc-040102","name":"Lac Papineau \u2014 Au lac Papineau \u00e0 Sainte-Agathe-des-Monts","prov":"QC","kind":"lake","level":375.734,"time":"2026-08-10T17:00:00Z","src":"qc"}},{"type":"Feature","geometry":{"type":"Point","coordinates":[-74.50475,46.37375]},"properties":{"id":"qc-040212","name":"Ruisseau Saint-Louis \u2014 \u00c0 0,3 km de la rivi\u00e8re du Diable","prov":"QC","kind":"river","level":29.544,"discharge":0.49,"time":"2026-08-10T09:30:00Z","src":"qc"}},{"type":"Feature","geometry":{"type":"Point","coordinates":[-76.041,46.59]},"properties":{"id":"qc-040841","name":"Rivi\u00e8re D\u00e9sert \u2014 Sur le chemin Lytton en amont de la chute Rouge","prov":"QC","kind":"river","level":186.376,"discharge":14.18,"time":"2026-08-10T16:30:00Z","src":"qc","class":"normal","classBy":"qc-vigilance"}},{"type":"Feature","geometry":{"type":"Point","coordinates":[-68.555,48.413]},"properties":{"id":"qc-022003","name":"Rivi\u00e8re Rimouski \u2014 \u00c0 3,7 km en amont du pont-route 132","prov":"QC","kind":"river","level":37.91,"discharge":6.97,"time":"2026-08-10T16:30:00Z","src":"qc","class":"normal","classBy":"qc-vigilance"}},{"type":"Feature","geometry":{"type":"Point","coordinates":[-69.51,47.65]},"properties":{"id":"qc-022501","name":"Lac Morin \u2014 Au lac Morin \u00e0 Saint-Alexandre-de-Kamouraska","prov":"QC","kind":"lake","level":194.111,"time":"2026-08-10T17:00:00Z","src":"qc","class":"normal","classBy":"qc-vigilance"}},{"type":"Feature","geometry":{"type":"Point","coordinates":[-71.2823,46.7145]},"properties":{"id":"qc-L\u00e9vis","name":"Rivi\u00e8re Chaudi\u00e8re \u2014 Au barrage Innergex, aux chutes de la Chaudi\u00e8re","prov":"QC","kind":"river","level":54.98,"time":"2026-08-10T17:45:31Z","src":"qc"}},{"type":"Feature","geometry":{"type":"Point","coordinates":[-73.84996,45.0766]},"properties":{"id":"qc-030920","name":"Rivi\u00e8re Noire \u2014 \u00c0 l'Artifice","prov":"QC","kind":"river","level":45.989,"discharge":0.08,"time":"2026-08-10T16:45:00Z","src":"qc"}},{"type":"Feature","geometry":{"type":"Point","coordinates":[-75.05696,45.72288]},"properties":{"id":"qc-486","name":"Rivi\u00e8re de la Petite Nation \u2014 Au pont de la route 321 \u00e0 Saint-Andr\u00e9-Avellin","prov":"QC","kind":"river","level":150.256,"time":"2026-08-10T17:45:00Z","src":"qc","class":"normal","classBy":"qc-vigilance"}},{"type":"Feature","geometry":{"type":"Point","coordinates":[-71.7633,45.4486]},"properties":{"id":"qc-030206","name":"Rivi\u00e8re Saint-Fran\u00e7ois \u2014 Au pont-route 112 \u00e0 Ascot                                                                                                                                                                                                                                     ","prov":"QC","kind":"river","level":157.784,"discharge":17.55,"time":"2026-08-10T16:45:00Z","src":"qc"}},{"type":"Feature","geometry":{"type":"Point","coordinates":[-73.37178,45.08029]},"properties":{"id":"qc-030431","name":"Rivi\u00e8re Lacolle \u2014 \u00c0 Lacolle \u00e0 50 m en aval du pont-route de l'\u00c9glise Sud                                                                                                                                                                                                        ","prov":"QC","kind":"river","level":48.038,"discharge":0.2,"time":"2026-08-10T16:30:00Z","src":"qc"}},{"type":"Feature","geometry":{"type":"Point","coordinates":[-71.777,46.2199]},"properties":{"id":"qc-024004","name":"Rivi\u00e8re Bourbon \u2014 \u00c0 0,2 km en amont du pont de la rue Savoie \u00e0 Plessisville                                                                                                                                                                                                     ","prov":"QC","kind":"river","level":48.915,"discharge":0.18,"time":"2026-08-10T16:30:00Z","src":"qc"}},{"type":"Feature","geometry":{"type":"Point","coordinates":[-71.87717,46.68117]},"properties":{"id":"qc-03300","name":"Fleuve Saint-Laurent \u2014 \u00c0 Portneuf","prov":"QC","kind":"river","level":1.212,"time":"2026-08-10T17:45:00Z","src":"qc"}},{"type":"Feature","geometry":{"type":"Point","coordinates":[-73.762,45.33]},"properties":{"id":"qc-030905","name":"Rivi\u00e8re Ch\u00e2teauguay \u2014 \u00c0 2 km en amont du pont-route 132","prov":"QC","kind":"river","level":28.898,"discharge":15.56,"time":"2026-08-10T16:45:00Z","src":"qc","class":"normal","classBy":"qc-vigilance"}},{"type":"Feature","geometry":{"type":"Point","coordinates":[-73.849,45.517]},"properties":{"id":"qc-043301","name":"Rivi\u00e8re des Prairies \u2014 \u00c0 la t\u00eate des rapides du Cheval Blanc (chenal sud)","prov":"QC","kind":"river","level":19.724,"discharge":979.2,"time":"2026-08-10T17:15:00Z","src":"qc","class":"normal","classBy":"qc-vigilance"}},{"type":"Feature","geometry":{"type":"Point","coordinates":[-73.051,45.159]},"properties":{"id":"qc-030424","name":"Rivi\u00e8re aux Brochets \u2014 \u00c0 Notre-Dame-de-Stanbridge (pont couvert)","prov":"QC","kind":"river","level":49.885,"discharge":0.29,"time":"2026-08-10T16:45:00Z","src":"qc","class":"normal","classBy":"qc-vigilance"}},{"type":"Feature","geometry":{"type":"Point","coordinates":[-73.01622,45.02186]},"properties":{"id":"qc-030425","name":"Rivi\u00e8re de la Roche \u2014 \u00c0 Saint-Armand","prov":"QC","kind":"river","level":47.937,"discharge":0.04,"time":"2026-08-10T16:45:00Z","src":"qc"}},{"type":"Feature","geometry":{"type":"Point","coordinates":[-73.07725,45.12531]},"properties":{"id":"qc-030426","name":"Ruisseau Ewing \u2014 \u00c0 Pike-River","prov":"QC","kind":"river","level":46.23,"discharge":0.02,"time":"2026-08-10T16:30:00Z","src":"qc"}},{"type":"Feature","geometry":{"type":"Point","coordinates":[-74.12113,46.09636]},"properties":{"id":"qc-040129","name":"Rivi\u00e8re Doncaster \u2014 \u00c0 0,3 km en aval de la d\u00e9charge du lac \u00c9lev\u00e9","prov":"QC","kind":"river","level":29.166,"discharge":0.72,"time":"2026-08-10T16:30:00Z","src":"qc"}},{"type":"Feature","geometry":{"type":"Point","coordinates":[-74.689,45.738]},"properties":{"id":"qc-040204","name":"Rivi\u00e8re Rouge \u2014 En amont de la chute McNeil","prov":"QC","kind":"river","level":28.433,"discharge":170.7,"time":"2026-08-10T16:45:00Z","src":"qc","class":"normal","classBy":"qc-vigilance"}},{"type":"Feature","geometry":{"type":"Point","coordinates":[-71.27853,45.94256]},"properties":{"id":"qc-030225","name":"Rivi\u00e8re Saint-Fran\u00e7ois \u2014 \u00c0 0,6 km en aval du barrage Jules-Allard","prov":"QC","kind":"river","level":278.728,"discharge":4.85,"time":"2026-08-10T17:15:00Z","src":"qc"}},{"type":"Feature","geometry":{"type":"Point","coordinates":[-76.069,46.078]},"properties":{"id":"qc-040840","name":"Rivi\u00e8re Picanoc \u2014 Sur le chemin du Lac-Cayamant \u00e0 Gracefield","prov":"QC","kind":"river","level":43.272,"discharge":8.36,"time":"2026-08-10T16:45:00Z","src":"qc","class":"normal","classBy":"qc-vigilance"}},{"type":"Feature","geometry":{"type":"Point","coordinates":[-71.9735,45.27631]},"properties":{"id":"qc-030241","name":"Lac Massawipi \u2014 Au quai passerelle \u00e0 North Hatley","prov":"QC","kind":"lake","level":160.352,"time":"2026-08-10T16:30:00Z","src":"qc","class":"normal","classBy":"qc-vigilance"}},{"type":"Feature","geometry":{"type":"Point","coordinates":[-75.122,46.63]},"properties":{"id":"qc-040608","name":"Rivi\u00e8re Kiamika \u2014 Au r\u00e9servoir Kiamika \u00e0 Chute-Saint-Philippe","prov":"QC","kind":"river","level":268.25,"time":"2026-08-10T17:15:00Z","src":"qc"}},{"type":"Feature","geometry":{"type":"Point","coordinates":[-75.176,47.215]},"properties":{"id":"qc-040609","name":"R\u00e9servoir Mitchinamecus \u2014 Au r\u00e9servoir Mitchinamecus \u00e0 Lac-Oscar","prov":"QC","kind":"lake","level":381.212,"time":"2026-08-10T17:00:00Z","src":"qc"}},{"type":"Feature","geometry":{"type":"Point","coordinates":[-70.84271,48.24585]},"properties":{"id":"qc-060603","name":"Bras Rocheux \u2014 \u00c0 350 m de la confluence avec la rivi\u00e8re Ha! Ha!                                                                                                                                                                                                              ","prov":"QC","kind":"river","level":48.202,"discharge":1.8,"time":"2026-08-10T16:45:00Z","src":"qc"}},{"type":"Feature","geometry":{"type":"Point","coordinates":[-73.69727,46.04493]},"properties":{"id":"qc-052237","name":"Lac Rawdon \u2014 \u00c0 Rawdon pr\u00e8s du pont-barrage                                                                                                                                                                                                                                 ","prov":"QC","kind":"lake","level":157.443,"time":"2026-08-10T16:30:00Z","src":"qc"}},{"type":"Feature","geometry":{"type":"Point","coordinates":[-75.148,47.184]},"properties":{"id":"qc-040619","name":"Rivi\u00e8re Mitchinamecus \u2014 \u00c0 la t\u00eate de la chute Rascas","prov":"QC","kind":"river","level":309.136,"discharge":15.69,"time":"2026-08-10T17:00:00Z","src":"qc"}},{"type":"Feature","geometry":{"type":"Point","coordinates":[-75.312,46.785]},"properties":{"id":"qc-040624","name":"Rivi\u00e8re du Li\u00e8vre \u2014 \u00c0 2,2 km en amont du pont-route 311 \u00e0 Lac-Saint-Paul","prov":"QC","kind":"river","level":243.916,"discharge":97.71,"time":"2026-08-10T16:45:00Z","src":"qc","class":"normal","classBy":"qc-vigilance"}},{"type":"Feature","geometry":{"type":"Point","coordinates":[-75.38939,46.50758]},"properties":{"id":"qc-040629","name":"Lac des \u00c9corces \u2014 Au lac des \u00c9corces","prov":"QC","kind":"lake","level":229.287,"time":"2026-08-10T17:15:00Z","src":"qc"}},{"type":"Feature","geometry":{"type":"Point","coordinates":[-71.704,48.412]},"properties":{"id":"qc-061307","name":"La Belle Rivi\u00e8re \u2014 En amont du ruisseau des Aulnaies","prov":"QC","kind":"river","level":94.697,"discharge":11.35,"time":"2026-08-10T16:45:00Z","src":"qc","class":"normal","classBy":"qc-vigilance"}},{"type":"Feature","geometry":{"type":"Point","coordinates":[-75.247,46.65]},"properties":{"id":"qc-040627","name":"Rivi\u00e8re Kiamika \u2014 \u00c0 0,1 km en aval du pont-route \u00e0 Chute-Saint-Philippe","prov":"QC","kind":"river","level":47.925,"discharge":26.42,"time":"2026-08-10T17:15:00Z","src":"qc","class":"normal","classBy":"qc-vigilance"}},{"type":"Feature","geometry":{"type":"Point","coordinates":[-67.13,48.108]},"properties":{"id":"qc-011509","name":"Rivi\u00e8re Matap\u00e9dia \u2014 \u00c0 4 km en amont de l'Assemetquagan","prov":"QC","kind":"river","level":26.443,"discharge":26.13,"time":"2026-08-10T16:00:00Z","src":"qc","class":"normal","classBy":"qc-vigilance"}},{"type":"Feature","geometry":{"type":"Point","coordinates":[-68.59972,47.5375]},"properties":{"id":"qc-011707","name":"Rivi\u00e8re Madawaska \u2014 \u00c0 6 km en aval du barrage T\u00e9miscouata","prov":"QC","kind":"river","level":145.68,"discharge":8.31,"time":"2026-08-10T16:45:00Z","src":"qc","class":"normal","classBy":"qc-vigilance"}},{"type":"Feature","geometry":{"type":"Point","coordinates":[-64.917,48.807]},"properties":{"id":"qc-020404","name":"Rivi\u00e8re York \u2014 \u00c0 1,4 km en aval du ruisseau Dinner Island","prov":"QC","kind":"river","level":46.374,"discharge":4.04,"time":"2026-08-10T17:00:00Z","src":"qc","class":"normal","classBy":"qc-vigilance"}},{"type":"Feature","geometry":{"type":"Point","coordinates":[-71.901,45.284]},"properties":{"id":"qc-030215","name":"Rivi\u00e8re Coaticook \u2014 \u00c0 1,3 km en aval du pont-route 143 \u00e0 Waterville","prov":"QC","kind":"river","level":184.177,"discharge":1.7,"time":"2026-08-10T17:15:00Z","src":"qc","class":"normal","classBy":"qc-vigilance"}},{"type":"Feature","geometry":{"type":"Point","coordinates":[-70.03,48.092]},"properties":{"id":"qc-060102","name":"Rivi\u00e8re Petit Saguenay \u2014 \u00c0 1 km en aval de la confluence avec la d\u00e9charge du lac \u00e0 David","prov":"QC","kind":"river","level":28.528,"discharge":8.72,"time":"2026-08-10T16:30:00Z","src":"qc","class":"normal","classBy":"qc-vigilance"}},{"type":"Feature","geometry":{"type":"Point","coordinates":[-64.7,48.978]},"properties":{"id":"qc-020602","name":"Rivi\u00e8re Dartmouth \u2014 \u00c0 1,6 km en amont du ruisseau du Pas de Dame","prov":"QC","kind":"river","level":29.112,"discharge":2.12,"time":"2026-08-10T16:00:00Z","src":"qc","class":"normal","classBy":"qc-vigilance"}},{"type":"Feature","geometry":{"type":"Point","coordinates":[-70.901,46.816]},"properties":{"id":"qc-023004","name":"Rivi\u00e8re Boyer \u2014 \u00c0 0,1 km en aval du pont de train \u00e0 Saint-Charles-de-Bellechasse","prov":"QC","kind":"river","level":47.15,"discharge":0.38,"time":"2026-08-10T16:45:00Z","src":"qc"}},{"type":"Feature","geometry":{"type":"Point","coordinates":[-70.756,46.82]},"properties":{"id":"qc-023106","name":"Rivi\u00e8re du Sud \u2014 \u00c0 1,0 km en amont du pont-route Rang du Sault \u00e0 Saint-Rapha\u00ebl","prov":"QC","kind":"river","level":27.887,"discharge":3.15,"time":"2026-08-10T16:45:00Z","src":"qc","class":"normal","classBy":"qc-vigilance"}},{"type":"Feature","geometry":{"type":"Point","coordinates":[-72.163,45.983]},"properties":{"id":"qc-030120","name":"Rivi\u00e8re Nicolet \u2014 \u00c0 6,5 km en aval de Saint-Albert","prov":"QC","kind":"river","level":47.725,"discharge":1.77,"time":"2026-08-10T16:45:00Z","src":"qc"}},{"type":"Feature","geometry":{"type":"Point","coordinates":[-70.532,46.06]},"properties":{"id":"qc-023428","name":"Rivi\u00e8re du Loup \u2014 Au pont-route \u00e0 Saint-C\u00f4me-Lini\u00e8re","prov":"QC","kind":"river","level":46.922,"discharge":4.11,"time":"2026-08-10T16:45:00Z","src":"qc"}},{"type":"Feature","geometry":{"type":"Point","coordinates":[-71.068,46.691]},"properties":{"id":"qc-023303","name":"Rivi\u00e8re Etchemin \u2014 Au pont-route 173 \u00e0 Saint-Henri-de-L\u00e9vis","prov":"QC","kind":"river","level":81.028,"discharge":8.69,"time":"2026-08-10T16:30:00Z","src":"qc","class":"normal","classBy":"qc-vigilance"}},{"type":"Feature","geometry":{"type":"Point","coordinates":[-74.308,46.05303]},"properties":{"id":"qc-040107","name":"Lac des Sables \u2014 Au lac des Sables \u00e0 Sainte-Agathe-des-Monts","prov":"QC","kind":"lake","level":376.853,"time":"2026-08-10T17:00:00Z","src":"qc"}},{"type":"Feature","geometry":{"type":"Point","coordinates":[-74.05572,46.03069]},"properties":{"id":"qc-040108","name":"Rivi\u00e8re du Nord \u2014 Au lac Masson \u00e0 Sainte-Marguerite-du-Lac-Masson","prov":"QC","kind":"river","level":335.212,"time":"2026-08-10T17:00:00Z","src":"qc"}},{"type":"Feature","geometry":{"type":"Point","coordinates":[-74.24767,45.96169]},"properties":{"id":"qc-040109","name":"Lac Th\u00e9odore \u2014 Au lac Th\u00e9odore \u00e0 Val-Morin","prov":"QC","kind":"lake","level":365.988,"time":"2026-08-10T17:00:00Z","src":"qc","class":"normal","classBy":"qc-vigilance"}},{"type":"Feature","geometry":{"type":"Point","coordinates":[-74.013,45.795]},"properties":{"id":"qc-040110","name":"Rivi\u00e8re du Nord \u2014 \u00c0 4,8 km en amont du pont du C.N. \u00e0 Saint-J\u00e9r\u00f4me","prov":"QC","kind":"river","level":98.032,"discharge":13.41,"time":"2026-08-10T17:15:00Z","src":"qc","class":"normal","classBy":"qc-vigilance"}},{"type":"Feature","geometry":{"type":"Point","coordinates":[-74.25254,46.04642]},"properties":{"id":"qc-040122","name":"Rivi\u00e8re du Nord \u2014 \u00c0 0,5 km en aval du pont du C.P. pr\u00e8s de Sainte-Agathe-des-Monts","prov":"QC","kind":"river","level":328.594,"discharge":3.78,"time":"2026-08-10T17:15:00Z","src":"qc","class":"normal","classBy":"qc-vigilance"}},{"type":"Feature","geometry":{"type":"Point","coordinates":[-71.244,46.411]},"properties":{"id":"qc-023450","name":"Rivi\u00e8re Beaurivage \u2014 Au pont-route Saint-Charles \u00e0 Saint-Patrice-de-Beaurivage","prov":"QC","kind":"river","level":48.111,"discharge":0.08,"time":"2026-08-10T16:45:00Z","src":"qc"}},{"type":"Feature","geometry":{"type":"Point","coordinates":[-72.405,46.586]},"properties":{"id":"qc-050304","name":"Rivi\u00e8re Batiscan \u2014 \u00c0 3,4 km en aval de la rivi\u00e8re des Envies","prov":"QC","kind":"river","level":95.095,"discharge":140.3,"time":"2026-08-10T16:45:00Z","src":"qc","class":"normal","classBy":"qc-vigilance"}},{"type":"Feature","geometry":{"type":"Point","coordinates":[-71.875,46.852]},"properties":{"id":"qc-050408","name":"Rivi\u00e8re Sainte-Anne \u2014 \u00c0 1,3 km en aval du barrage \u00e0 Chute-Panet","prov":"QC","kind":"river","level":27.291,"discharge":44.4,"time":"2026-08-10T17:15:00Z","src":"qc","class":"normal","classBy":"qc-vigilance"}},{"type":"Feature","geometry":{"type":"Point","coordinates":[-71.847,46.977]},"properties":{"id":"qc-050409","name":"Rivi\u00e8re Bras du Nord \u2014 \u00c0 4,5 km en amont de la Mauvaise","prov":"QC","kind":"river","level":28.396,"discharge":17.63,"time":"2026-08-10T16:45:00Z","src":"qc","class":"normal","classBy":"qc-vigilance"}},{"type":"Feature","geometry":{"type":"Point","coordinates":[-71.63722,46.8675]},"properties":{"id":"qc-050805","name":"Lac Saint-Joseph \u2014 Au lac Saint-Joseph \u00e0 Sainte-Catherine-de-la-Jacques-Cartier","prov":"QC","kind":"lake","level":158.863,"time":"2026-08-10T17:00:00Z","src":"qc"}},{"type":"Feature","geometry":{"type":"Point","coordinates":[-70.86917,48.33401]},"properties":{"id":"qc-03460","name":"Rivi\u00e8re Saguenay \u2014 \u00c0 Port-Alfred","prov":"QC","kind":"river","level":4.047,"time":"2026-08-10T17:45:00Z","src":"qc"}},{"type":"Feature","geometry":{"type":"Point","coordinates":[-72.37904,48.58315]},"properties":{"id":"qc-064101","name":"Rivi\u00e8re aux Iroquois \u2014 \u00c0 150 m en amont du pont du 3e rang \u00e0 Saint-Prime","prov":"QC","kind":"river","level":47.3,"discharge":4.84,"time":"2026-08-10T16:45:00Z","src":"qc"}},{"type":"Feature","geometry":{"type":"Point","coordinates":[-68.15719,49.32278]},"properties":{"id":"qc-071203","name":"Rivi\u00e8re aux Anglais \u2014 \u00c0 la d\u00e9charge du lac Inconnu \u00e0 Baie-Comeau","prov":"QC","kind":"river","level":49.023,"discharge":3.3,"time":"2026-08-10T16:45:00Z","src":"qc","class":"normal","classBy":"qc-vigilance"}},{"type":"Feature","geometry":{"type":"Point","coordinates":[-77.67041,48.08944]},"properties":{"id":"qc-080106","name":"Rivi\u00e8re Bourlamaque \u2014 \u00c0 1,1 km en amont du pont de la route 117","prov":"QC","kind":"river","level":49.641,"discharge":2.37,"time":"2026-08-10T16:45:00Z","src":"qc"}},{"type":"Feature","geometry":{"type":"Point","coordinates":[-77.18722,49.8575]},"properties":{"id":"qc-080718","name":"Rivi\u00e8re Waswanipi \u2014 \u00c0 la t\u00eate de la chute Rouge","prov":"QC","kind":"river","level":26.005,"discharge":349.5,"time":"2026-08-10T16:45:00Z","src":"qc"}},{"type":"Feature","geometry":{"type":"Point","coordinates":[-76.38794,50.74581]},"properties":{"id":"qc-080809","name":"Rivi\u00e8re Broadback \u2014 \u00c0 la sortie du lac Kenoniska","prov":"QC","kind":"river","level":28.38,"discharge":129.9,"time":"2026-08-10T17:00:00Z","src":"qc"}},{"type":"Feature","geometry":{"type":"Point","coordinates":[-71.152,46.896]},"properties":{"id":"qc-051001","name":"Rivi\u00e8re Montmorency \u2014 \u00c0 0,6 km en aval du barrage des Marches-Naturelles","prov":"QC","kind":"river","level":26.919,"discharge":26.16,"time":"2026-08-10T16:45:00Z","src":"qc","class":"normal","classBy":"qc-vigilance"}},{"type":"Feature","geometry":{"type":"Point","coordinates":[-72.906,45.5]},"properties":{"id":"qc-030304","name":"Rivi\u00e8re Noire \u2014 \u00c0 7,6 km de la Yamaska","prov":"QC","kind":"river","level":32.683,"discharge":1.14,"time":"2026-08-10T16:30:00Z","src":"qc","class":"normal","classBy":"qc-vigilance"}},{"type":"Feature","geometry":{"type":"Point","coordinates":[-64.57861,50.68556]},"properties":{"id":"qc-073503","name":"Lac Magpie \u2014 \u00c0 la d\u00e9charge du lac Magpie","prov":"QC","kind":"lake","level":28.621,"discharge":307.3,"time":"2026-08-10T17:00:00Z","src":"qc","class":"normal","classBy":"qc-vigilance"}},{"type":"Feature","geometry":{"type":"Point","coordinates":[-57.60111,51.77083]},"properties":{"id":"qc-076601","name":"Rivi\u00e8re Saint-Paul \u2014 \u00c0 0,5 km du ruisseau Chanion","prov":"QC","kind":"river","level":26.853,"discharge":112.9,"time":"2026-08-10T16:00:00Z","src":"qc","class":"normal","classBy":"qc-vigilance"}},{"type":"Feature","geometry":{"type":"Point","coordinates":[-73.58247,45.72147]},"properties":{"id":"qc-046404","name":"Rivi\u00e8re Mascouche \u2014 \u00c0 500 m en amont de l'autoroute 640\u00a0                                                                                                                                                                                                                          ","prov":"QC","kind":"river","level":45.228,"discharge":1.9,"time":"2026-08-10T16:30:00Z","src":"qc"}},{"type":"Feature","geometry":{"type":"Point","coordinates":[-78.73033,47.53564]},"properties":{"id":"qc-043005","name":"Lac Simard \u2014 \u00c0 Laforce","prov":"QC","kind":"lake","level":262.922,"time":"2026-08-10T17:15:00Z","src":"qc"}},{"type":"Feature","geometry":{"type":"Point","coordinates":[-72.09344,46.54056]},"properties":{"id":"qc-023702","name":"Petite rivi\u00e8re du Ch\u00eane \u2014 \u00c0 250 m du pont-route 265 \u00e0 Deschaillons","prov":"QC","kind":"river","level":15.059,"discharge":1.01,"time":"2026-08-10T16:30:00Z","src":"qc"}},{"type":"Feature","geometry":{"type":"Point","coordinates":[-71.274,45.951]},"properties":{"id":"qc-030201","name":"Rivi\u00e8re Saint-Fran\u00e7ois \u2014 Au lac Saint-Fran\u00e7ois \u00e0 Saint-Joseph-de-Coleraine","prov":"QC","kind":"river","level":288.78,"time":"2026-08-10T17:00:00Z","src":"qc"}},{"type":"Feature","geometry":{"type":"Point","coordinates":[-71.963,45.284]},"properties":{"id":"qc-030220","name":"Rivi\u00e8re Massawippi \u2014 \u00c0 1,6 km en aval du lac Massawippi","prov":"QC","kind":"river","level":28.693,"discharge":1.94,"time":"2026-08-10T16:30:00Z","src":"qc","class":"normal","classBy":"qc-vigilance"}},{"type":"Feature","geometry":{"type":"Point","coordinates":[-67.16411,49.81861]},"properties":{"id":"qc-071801","name":"Rivi\u00e8re Riverin \u2014 \u00c0 environ 6.3 km de l'embouchure","prov":"QC","kind":"river","level":49.972,"discharge":3.85,"time":"2026-08-10T16:45:00Z","src":"qc","class":"normal","classBy":"qc-vigilance"}},{"type":"Feature","geometry":{"type":"Point","coordinates":[-72.748,45.206]},"properties":{"id":"qc-030314","name":"Rivi\u00e8re Yamaska Sud-Est \u2014 Au pont-route 202 \u00e0 Cowansville","prov":"QC","kind":"river","level":30.032,"discharge":0.2,"time":"2026-08-10T16:45:00Z","src":"qc","class":"normal","classBy":"qc-vigilance"}},{"type":"Feature","geometry":{"type":"Point","coordinates":[-72.61,45.417]},"properties":{"id":"qc-030326","name":"Rivi\u00e8re Yamaska Nord \u2014 Sur la rivi\u00e8re Yamaska Nord \u00e0 Roxton Pond","prov":"QC","kind":"river","level":141.973,"time":"2026-08-10T17:00:00Z","src":"qc"}},{"type":"Feature","geometry":{"type":"Point","coordinates":[-71.16197,47.28997]},"properties":{"id":"qc-051004","name":"Ruisseau des Aulnaies \u2014 \u00c0 0,2 km en amont du chemin du Belv\u00e9d\u00e8re","prov":"QC","kind":"river","level":28.879,"discharge":0.02,"time":"2026-08-10T16:45:00Z","src":"qc"}},{"type":"Feature","geometry":{"type":"Point","coordinates":[-72.78,45.36]},"properties":{"id":"qc-030340","name":"Rivi\u00e8re Yamaska Nord \u2014 \u00c0 2,4 km en amont de l'autoroute 10","prov":"QC","kind":"river","level":93.73,"discharge":1.42,"time":"2026-08-10T16:45:00Z","src":"qc"}},{"type":"Feature","geometry":{"type":"Point","coordinates":[-75.80331,46.27642]},"properties":{"id":"qc-040829","name":"Lac des Trente et Un Milles \u2014 Au lac des Trente et Un Milles \u00e0 Sainte-Th\u00e9r\u00e8se-de-la-Gatineau","prov":"QC","kind":"lake","level":162.137,"time":"2026-08-10T17:15:00Z","src":"qc","class":"normal","classBy":"qc-vigilance"}},{"type":"Feature","geometry":{"type":"Point","coordinates":[-78.983,46.78]},"properties":{"id":"qc-042611","name":"Lac Kipawa \u2014 Au lac Kipawa \u00e0 Kipawa","prov":"QC","kind":"lake","level":269.594,"time":"2026-08-10T17:15:00Z","src":"qc"}},{"type":"Feature","geometry":{"type":"Point","coordinates":[-77.54872,47.84386]},"properties":{"id":"qc-043003","name":"Rivi\u00e8re des Outaouais \u2014 \u00c0 la sortie du lac Granet","prov":"QC","kind":"river","level":28.446,"discharge":158.0,"time":"2026-08-10T17:15:00Z","src":"qc"}},{"type":"Feature","geometry":{"type":"Point","coordinates":[-71.214,46.587]},"properties":{"id":"qc-023402","name":"Rivi\u00e8re Chaudi\u00e8re \u2014 Au pont-route 218 \u00e0 Saint-Lambert-de-Lauzon","prov":"QC","kind":"river","level":112.265,"discharge":37.63,"time":"2026-08-10T17:15:00Z","src":"qc","class":"normal","classBy":"qc-vigilance"}},{"type":"Feature","geometry":{"type":"Point","coordinates":[-70.639,46.167]},"properties":{"id":"qc-023422","name":"Rivi\u00e8re Famine \u2014 \u00c0 6,3 km en amont du pont-route 173 \u00e0 Saint-Georges","prov":"QC","kind":"river","level":26.926,"discharge":1.15,"time":"2026-08-10T17:15:00Z","src":"qc","class":"normal","classBy":"qc-vigilance"}},{"type":"Feature","geometry":{"type":"Point","coordinates":[-71.997,48.376]},"properties":{"id":"qc-061502","name":"Rivi\u00e8re M\u00e9tabetchouane \u2014 \u00c0 9 km en amont de l'embouchure de la rivi\u00e8re M\u00e9tabetchouane","prov":"QC","kind":"river","level":27.999,"discharge":89.72,"time":"2026-08-10T16:30:00Z","src":"qc","class":"normal","classBy":"qc-vigilance"}},{"type":"Feature","geometry":{"type":"Point","coordinates":[-79.17534,47.57147]},"properties":{"id":"qc-043004","name":"Rivi\u00e8re des Outaouais \u2014 \u00c0 la pointe du Pin Rouge","prov":"QC","kind":"river","level":262.926,"time":"2026-08-10T17:00:00Z","src":"qc"}},{"type":"Feature","geometry":{"type":"Point","coordinates":[-72.59379,45.30169]},"properties":{"id":"qc-030353","name":"Rivi\u00e8re Yamaska \u2014 Au pont du Chemin de Matap\u00e9dia","prov":"QC","kind":"river","level":48.981,"discharge":0.6,"time":"2026-08-10T16:45:00Z","src":"qc"}},{"type":"Feature","geometry":{"type":"Point","coordinates":[-70.53,47.56]},"properties":{"id":"qc-051305","name":"Rivi\u00e8re du Gouffre \u2014 \u00c0 80 m en amont du pont du village de Saint-Urbain","prov":"QC","kind":"river","level":47.716,"discharge":9.28,"time":"2026-08-10T16:30:00Z","src":"qc","class":"normal","classBy":"qc-vigilance"}},{"type":"Feature","geometry":{"type":"Point","coordinates":[-72.966,45.283]},"properties":{"id":"qc-030302","name":"Rivi\u00e8re Yamaska \u2014 \u00c0 0,6 km en amont du pont-route de la 235 \u00e0 Farnham","prov":"QC","kind":"river","level":62.634,"discharge":2.63,"time":"2026-08-10T16:45:00Z","src":"qc","class":"normal","classBy":"qc-vigilance"}},{"type":"Feature","geometry":{"type":"Point","coordinates":[-71.406,45.761]},"properties":{"id":"qc-030202","name":"Rivi\u00e8re Saint-Fran\u00e7ois \u2014 Au lac Aylmer \u00e0 Weedon","prov":"QC","kind":"river","level":247.732,"time":"2026-08-10T17:15:00Z","src":"qc","class":"normal","classBy":"qc-vigilance"}},{"type":"Feature","geometry":{"type":"Point","coordinates":[-72.50549,45.89654]},"properties":{"id":"qc-030299","name":"Rivi\u00e8re Saint-Germain \u2014 Au pont du boulevard des Pins \u00e0 Drummondville","prov":"QC","kind":"river","level":47.778,"discharge":0.48,"time":"2026-08-10T16:45:00Z","src":"qc"}},{"type":"Feature","geometry":{"type":"Point","coordinates":[-67.44883,48.49172]},"properties":{"id":"qc-011508","name":"Rivi\u00e8re Matap\u00e9dia \u2014 Au pont couvert en amont d'Amqui","prov":"QC","kind":"river","level":156.632,"discharge":4.96,"time":"2026-08-10T16:30:00Z","src":"qc","class":"normal","classBy":"qc-vigilance"}},{"type":"Feature","geometry":{"type":"Point","coordinates":[-75.754,47.083]},"properties":{"id":"qc-040830","name":"Rivi\u00e8re Gatineau \u2014 \u00c0 la t\u00eate des rapides Ceizur","prov":"QC","kind":"river","level":26.504,"discharge":106.3,"time":"2026-08-10T17:00:00Z","src":"qc"}},{"type":"Feature","geometry":{"type":"Point","coordinates":[-77.816,46.346]},"properties":{"id":"qc-041902","name":"Rivi\u00e8re Dumoine \u2014 \u00c0 la sortie du lac Robinson","prov":"QC","kind":"river","level":27.751,"discharge":32.19,"time":"2026-08-10T16:00:00Z","src":"qc"}},{"type":"Feature","geometry":{"type":"Point","coordinates":[-71.32182,46.91762]},"properties":{"id":"qc-050917","name":"Rivi\u00e8re Jaune \u2014 \u00c0 1.5 km en amont de l'autoroute Laurentienne                                                                                                                                                                                                                 ","prov":"QC","kind":"river","level":46.181,"discharge":0.54,"time":"2026-08-10T16:45:00Z","src":"qc"}},{"type":"Feature","geometry":{"type":"Point","coordinates":[-73.14318,46.46383]},"properties":{"id":"qc-052811","name":"Lac Saint-Alexis \u2014 \u00c0 l'\u00e9glise de Saint-Alexis-des-Monts                                                                                                                                                                                                                          ","prov":"QC","kind":"lake","level":156.656,"time":"2026-08-10T17:15:00Z","src":"qc"}},{"type":"Feature","geometry":{"type":"Point","coordinates":[-75.08336,45.87675]},"properties":{"id":"qc-040407","name":"Lac Barri\u00e8re \u2014 Au barrage                                                                                                                                                                                                                                                    ","prov":"QC","kind":"lake","level":198.269,"time":"2026-08-10T16:45:00Z","src":"qc"}},{"type":"Feature","geometry":{"type":"Point","coordinates":[-79.26987,47.0417]},"properties":{"id":"qc-042609","name":"Lac Kipawa \u2014 Au lac Kipawa \u00e0 Laniel","prov":"QC","kind":"lake","level":269.566,"time":"2026-08-10T17:15:00Z","src":"qc"}},{"type":"Feature","geometry":{"type":"Point","coordinates":[-71.00333,46.85817]},"properties":{"id":"qc-03110","name":"Fleuve Saint-Laurent \u2014 Fleuve Saint, \u00e0 Saint-Laurent, \u00cele d'Orl\u00e9ans","prov":"QC","kind":"river","level":1.744,"time":"2026-08-10T17:45:00Z","src":"qc"}},{"type":"Feature","geometry":{"type":"Point","coordinates":[-72.3795,46.40033]},"properties":{"id":"qc-03353","name":"Fleuve Saint-Laurent \u2014 \u00c0 B\u00e9cancour","prov":"QC","kind":"river","level":1.16,"time":"2026-08-10T17:45:00Z","src":"qc","class":"normal","classBy":"qc-vigilance"}},{"type":"Feature","geometry":{"type":"Point","coordinates":[-68.51367,48.47833]},"properties":{"id":"qc-02985","name":"Fleuve Saint-Laurent \u2014 \u00c0 Rimouski","prov":"QC","kind":"river","level":2.995,"time":"2026-08-10T17:45:00Z","src":"qc"}},{"type":"Feature","geometry":{"type":"Point","coordinates":[-72.68907,45.59119]},"properties":{"id":"qc-030348","name":"Ruisseau Runnels \u2014 \u00c0 30 m\u00e8tres en aval du pont-route de Saint-Val\u00e9rien-de-Milton","prov":"QC","kind":"river","level":45.38,"discharge":0.03,"time":"2026-08-10T16:45:00Z","src":"qc"}},{"type":"Feature","geometry":{"type":"Point","coordinates":[-71.289,46.657]},"properties":{"id":"qc-023401","name":"Rivi\u00e8re Beaurivage \u2014 \u00c0 1,1 km en aval du pont-route 171 \u00e0 Saint-\u00c9tienne","prov":"QC","kind":"river","level":89.395,"discharge":1.09,"time":"2026-08-10T16:45:00Z","src":"qc","class":"normal","classBy":"qc-vigilance"}},{"type":"Feature","geometry":{"type":"Point","coordinates":[-66.166,48.629]},"properties":{"id":"qc-011003","name":"Rivi\u00e8re Cascap\u00e9dia \u2014 \u00c0 2,5 km en aval du ruisseau Berry","prov":"QC","kind":"river","level":46.874,"discharge":32.42,"time":"2026-08-10T16:00:00Z","src":"qc","class":"normal","classBy":"qc-vigilance"}},{"type":"Feature","geometry":{"type":"Point","coordinates":[-66.349,48.159]},"properties":{"id":"qc-011204","name":"Rivi\u00e8re Nouvelle \u2014 \u00c0 0,2 km en amont du pont-route 132 \u00e0 Nouvelle","prov":"QC","kind":"river","level":29.216,"discharge":23.76,"time":"2026-08-10T16:30:00Z","src":"qc","class":"normal","classBy":"qc-vigilance"}},{"type":"Feature","geometry":{"type":"Point","coordinates":[-71.451,46.306]},"properties":{"id":"qc-024003","name":"Rivi\u00e8re B\u00e9cancour \u2014 \u00c0 2,1 km en amont de la rivi\u00e8re Palmer","prov":"QC","kind":"river","level":181.713,"discharge":1.55,"time":"2026-08-10T16:45:00Z","src":"qc","class":"normal","classBy":"qc-vigilance"}},{"type":"Feature","geometry":{"type":"Point","coordinates":[-69.51215,47.65095]},"properties":{"id":"qc-022505","name":"Rivi\u00e8re Fourchue \u2014 \u00c0 0,2 km en aval du barrage Morin","prov":"QC","kind":"river","level":180.219,"discharge":2.55,"time":"2026-08-10T17:15:00Z","src":"qc","class":"normal","classBy":"qc-vigilance"}},{"type":"Feature","geometry":{"type":"Point","coordinates":[-71.0723,46.5036]},"properties":{"id":"qc-Scott","name":"Rivi\u00e8re Chaudi\u00e8re \u2014 Au nord du pont-route 171 \u00e0 Scott","prov":"QC","kind":"river","level":139.2,"time":"2026-08-02T20:51:54Z","src":"qc"}},{"type":"Feature","geometry":{"type":"Point","coordinates":[-70.776,46.211]},"properties":{"id":"qc-Beauceville","name":"Rivi\u00e8re Chaudi\u00e8re \u2014 Au pont-route 108 \u00e0 Beauceville","prov":"QC","kind":"river","level":145.78,"time":"2026-08-10T17:45:17Z","src":"qc","class":"normal","classBy":"qc-vigilance"}},{"type":"Feature","geometry":{"type":"Point","coordinates":[-71.63981,46.8673]},"properties":{"id":"qc-050807","name":"Rivi\u00e8re Ontaritzi \u2014 \u00c0 0,2 km en aval du barrage du lac Saint-Joseph","prov":"QC","kind":"river","level":157.014,"discharge":2.34,"time":"2026-08-10T17:00:00Z","src":"qc","class":"normal","classBy":"qc-vigilance"}},{"type":"Feature","geometry":{"type":"Point","coordinates":[-72.51456,45.34948]},"properties":{"id":"qc-030343","name":"Rivi\u00e8re Yamaska Nord \u2014 \u00c0 0,1 km en aval du barrage du lac Waterloo","prov":"QC","kind":"river","level":205.066,"discharge":0.03,"time":"2026-08-10T17:00:00Z","src":"qc"}},{"type":"Feature","geometry":{"type":"Point","coordinates":[-72.51701,45.34998]},"properties":{"id":"qc-030342","name":"Lac Waterloo \u2014 \u00c0 Waterloo","prov":"QC","kind":"lake","level":207.927,"time":"2026-08-10T17:00:00Z","src":"qc"}},{"type":"Feature","geometry":{"type":"Point","coordinates":[-74.27669,46.11825]},"properties":{"id":"qc-040132","name":"Rivi\u00e8re du Nord \u2014 \u00c0 0,01 km en aval du barrage Ludger","prov":"QC","kind":"river","level":373.791,"discharge":0.36,"time":"2026-08-10T17:00:00Z","src":"qc"}},{"type":"Feature","geometry":{"type":"Point","coordinates":[-73.43989,45.97733]},"properties":{"id":"qc-052235","name":"Ruisseau Saint-Pierre \u2014 Au pont-route du chemin du Vieux-Moulin \u00e0 0,2 km de la route 343","prov":"QC","kind":"river","level":49.097,"discharge":1.1,"time":"2026-08-10T16:45:00Z","src":"qc"}},{"type":"Feature","geometry":{"type":"Point","coordinates":[-73.9148,46.68411]},"properties":{"id":"qc-050119","name":"Rivi\u00e8re Matawin \u2014 \u00c0 4,0 km en aval du pont-route 131 \u00e0 Saint-Michel-des-Saints","prov":"QC","kind":"river","level":27.001,"discharge":32.04,"time":"2026-08-10T16:30:00Z","src":"qc","class":"normal","classBy":"qc-vigilance"}},{"type":"Feature","geometry":{"type":"Point","coordinates":[-75.74368,45.48464]},"properties":{"id":"qc-411","name":"Rivi\u00e8re Gatineau \u2014 Rue Cartier","prov":"QC","kind":"river","level":42.34,"time":"2026-08-10T16:50:00Z","src":"qc","class":"normal","classBy":"qc-vigilance"}},{"type":"Feature","geometry":{"type":"Point","coordinates":[-75.69979,45.45739]},"properties":{"id":"qc-412","name":"Rivi\u00e8re Gatineau \u2014 Quai des Artistes","prov":"QC","kind":"river","level":41.395,"time":"2026-08-10T17:45:00Z","src":"qc","class":"normal","classBy":"qc-vigilance"}},{"type":"Feature","geometry":{"type":"Point","coordinates":[-71.30058,46.65121]},"properties":{"id":"qc-893","name":"Rivi\u00e8re Beaurivage \u2014 Au pont de la route 171","prov":"QC","kind":"river","level":89.488,"time":"2026-08-10T17:45:00Z","src":"qc"}},{"type":"Feature","geometry":{"type":"Point","coordinates":[-71.6226,45.4143]},"properties":{"id":"qc-380","name":"Rivi\u00e8re Eaton \u2014 Au pont de la route 108","prov":"QC","kind":"river","level":199.577,"time":"2026-03-15T22:39:37Z","src":"qc"}},{"type":"Feature","geometry":{"type":"Point","coordinates":[-75.41105,45.52658]},"properties":{"id":"qc-410","name":"Rivi\u00e8re des Outaouais \u2014 Traversier Masson","prov":"QC","kind":"river","level":41.34,"time":"2026-08-10T17:45:00Z","src":"qc","class":"normal","classBy":"qc-vigilance"}},{"type":"Feature","geometry":{"type":"Point","coordinates":[-73.38913,46.40358]},"properties":{"id":"qc-490","name":"Rivi\u00e8re Mastigouche \u2014 \u00c0 10 km en amont du lac Maskinong\u00e9, \u00e0 Mandeville","prov":"QC","kind":"river","level":151.305,"time":"2026-08-10T17:50:00Z","src":"qc","class":"normal","classBy":"qc-vigilance"}},{"type":"Feature","geometry":{"type":"Point","coordinates":[-72.098,46.199]},"properties":{"id":"qc-024014","name":"Rivi\u00e8re B\u00e9cancour \u2014 \u00c0 6 km en aval du pont de l'autoroute 20 (Madington)","prov":"QC","kind":"river","level":46.866,"discharge":6.64,"time":"2026-08-10T16:45:00Z","src":"qc","class":"normal","classBy":"qc-vigilance"}},{"type":"Feature","geometry":{"type":"Point","coordinates":[-71.97661,46.06914]},"properties":{"id":"qc-030118","name":"R\u00e9servoir Beaudet \u2014 Au r\u00e9servoir Beaudet \u00e0 Victoriaville","prov":"QC","kind":"lake","level":128.835,"time":"2026-08-10T17:15:00Z","src":"qc","class":"normal","classBy":"qc-vigilance"}},{"type":"Feature","geometry":{"type":"Point","coordinates":[-71.978,46.071]},"properties":{"id":"qc-030106","name":"Rivi\u00e8re Bulstrode \u2014 \u00c0 120 m\u00e8tres en aval du Barrage Beaudet","prov":"QC","kind":"river","level":124.141,"discharge":0.13,"time":"2026-08-10T17:15:00Z","src":"qc","class":"normal","classBy":"qc-vigilance"}},{"type":"Feature","geometry":{"type":"Point","coordinates":[-67.66602,48.76705]},"properties":{"id":"qc-021702","name":"Rivi\u00e8re Blanche \u2014 \u00c0 3,5 km en amont du pont-route 132","prov":"QC","kind":"river","level":29.241,"discharge":4.25,"time":"2026-08-10T16:30:00Z","src":"qc"}},{"type":"Feature","geometry":{"type":"Point","coordinates":[-76.71458,47.72881]},"properties":{"id":"qc-043030","name":"Rivi\u00e8re Capitachouane \u2014 Dans la ZEC Capitachouane","prov":"QC","kind":"river","level":48.677,"discharge":8.23,"time":"2026-08-10T17:00:00Z","src":"qc"}},{"type":"Feature","geometry":{"type":"Point","coordinates":[-79.236,47.552]},"properties":{"id":"qc-043031","name":"Rivi\u00e8re des Outaouais \u2014 Au barrage des Quinze, \u00e0 proximit\u00e9 du bateau T. E. Draper","prov":"QC","kind":"river","level":262.874,"time":"2026-08-10T17:15:00Z","src":"qc"}},{"type":"Feature","geometry":{"type":"Point","coordinates":[-73.978,45.489]},"properties":{"id":"qc-043108","name":"Lac des Deux Montagnes \u2014 \u00c0 Pointe-Calumet","prov":"QC","kind":"lake","level":21.861,"time":"2026-08-10T17:15:00Z","src":"qc","class":"normal","classBy":"qc-vigilance"}},{"type":"Feature","geometry":{"type":"Point","coordinates":[-73.88236,45.53319]},"properties":{"id":"qc-043205","name":"Rivi\u00e8re des Mille \u00celes \u2014 En amont du barrage du Grand-Moulin \u00e0 Deux-Montagnes","prov":"QC","kind":"river","level":21.709,"time":"2026-08-10T17:15:00Z","src":"qc","class":"normal","classBy":"qc-vigilance"}},{"type":"Feature","geometry":{"type":"Point","coordinates":[-73.882,45.533]},"properties":{"id":"qc-043206","name":"Rivi\u00e8re des Mille \u00celes \u2014 En aval du barrage du Grand-Moulin \u00e0 Deux-Montagnes","prov":"QC","kind":"river","level":21.711,"time":"2026-08-10T17:15:00Z","src":"qc","class":"normal","classBy":"qc-vigilance"}},{"type":"Feature","geometry":{"type":"Point","coordinates":[-73.97539,45.5599]},"properties":{"id":"qc-046709","name":"Rivi\u00e8re du Ch\u00eane \u2014 \u00c0 la passerelle Lauzon sur la mont\u00e9e Lauzon","prov":"QC","kind":"river","level":48.105,"discharge":0.47,"time":"2026-08-10T16:30:00Z","src":"qc"}},{"type":"Feature","geometry":{"type":"Point","coordinates":[-79.02787,46.76702]},"properties":{"id":"qc-048603","name":"Ruisseau Gordon \u2014 \u00c0 la d\u00e9charge du lac Tee \u00e0 Kipawa","prov":"QC","kind":"river","level":260.797,"discharge":11.29,"time":"2026-08-10T17:15:00Z","src":"qc"}},{"type":"Feature","geometry":{"type":"Point","coordinates":[-78.854,48.366]},"properties":{"id":"qc-043012","name":"Rivi\u00e8re Kinojevis \u2014 \u00c0 0,3 km en amont du pont-route \u00e0 Cl\u00e9ricy","prov":"QC","kind":"river","level":269.981,"discharge":23.1,"time":"2026-08-10T16:30:00Z","src":"qc","class":"normal","classBy":"qc-vigilance"}},{"type":"Feature","geometry":{"type":"Point","coordinates":[-69.84931,47.53266]},"properties":{"id":"qc-022601","name":"Rivi\u00e8re Kamouraska \u2014 Au pont du rang de l'Embarras","prov":"QC","kind":"river","level":47.079,"discharge":0.51,"time":"2026-08-10T16:30:00Z","src":"qc","class":"normal","classBy":"qc-vigilance"}},{"type":"Feature","geometry":{"type":"Point","coordinates":[-70.88,45.573]},"properties":{"id":"qc-023409","name":"Lac M\u00e9gantic \u2014 Au lac M\u00e9gantic \u00e0 Lac-M\u00e9gantic","prov":"QC","kind":"lake","level":394.432,"time":"2026-08-10T17:00:00Z","src":"qc","class":"normal","classBy":"qc-vigilance"}},{"type":"Feature","geometry":{"type":"Point","coordinates":[-72.313,46.06]},"properties":{"id":"qc-030103","name":"Rivi\u00e8re Nicolet \u2014 \u00c0 5,8 km en aval de la Bulstrode","prov":"QC","kind":"river","level":25.362,"discharge":3.68,"time":"2026-08-10T16:45:00Z","src":"qc","class":"normal","classBy":"qc-vigilance"}},{"type":"Feature","geometry":{"type":"Point","coordinates":[-71.91176,45.03639]},"properties":{"id":"qc-030297","name":"Lac Lyster \u2014 \u00c0 Coaticook","prov":"QC","kind":"lake","level":470.789,"time":"2026-08-10T17:00:00Z","src":"qc"}},{"type":"Feature","geometry":{"type":"Point","coordinates":[-69.47361,48.37139]},"properties":{"id":"qc-070204","name":"Rivi\u00e8re des Escoumins \u2014 \u00c0 9,0 km de l'embouchure de la rivi\u00e8re des Escoumins","prov":"QC","kind":"river","level":52.242,"discharge":8.82,"time":"2026-08-10T16:30:00Z","src":"qc","class":"normal","classBy":"qc-vigilance"}},{"type":"Feature","geometry":{"type":"Point","coordinates":[-78.11,48.598]},"properties":{"id":"qc-080101","name":"Rivi\u00e8re Harricana \u2014 \u00c0 3,1 km en aval du pont-route 111 \u00e0 Amos","prov":"QC","kind":"river","level":292.851,"discharge":29.58,"time":"2026-08-10T16:45:00Z","src":"qc","class":"normal","classBy":"qc-vigilance"}},{"type":"Feature","geometry":{"type":"Point","coordinates":[-69.645,47.612]},"properties":{"id":"qc-022507","name":"Rivi\u00e8re du Loup \u2014 Au pont-route \u00e0 Saint-Joseph-de-Kamouraska","prov":"QC","kind":"river","level":125.721,"discharge":2.16,"time":"2026-08-10T16:45:00Z","src":"qc","class":"normal","classBy":"qc-vigilance"}},{"type":"Feature","geometry":{"type":"Point","coordinates":[-69.51667,47.82194]},"properties":{"id":"qc-022513","name":"Rivi\u00e8re du Loup \u2014 \u00c0 1.4 km en aval du pont-route 185","prov":"QC","kind":"river","level":90.334,"discharge":6.26,"time":"2026-08-10T17:00:00Z","src":"qc","class":"normal","classBy":"qc-vigilance"}},{"type":"Feature","geometry":{"type":"Point","coordinates":[-69.195,48.089]},"properties":{"id":"qc-022301","name":"Rivi\u00e8re des Trois Pistoles \u2014 \u00c0 2,1 km en amont du pont-route 132","prov":"QC","kind":"river","level":39.418,"discharge":2.49,"time":"2026-08-10T16:45:00Z","src":"qc","class":"normal","classBy":"qc-vigilance"}},{"type":"Feature","geometry":{"type":"Point","coordinates":[-73.11567,46.04717]},"properties":{"id":"qc-15930","name":"Fleuve Saint-Laurent \u2014 \u00c0 Sorel","prov":"QC","kind":"river","level":0.945,"time":"2026-08-10T17:45:00Z","src":"qc","class":"normal","classBy":"qc-vigilance"}},{"type":"Feature","geometry":{"type":"Point","coordinates":[-70.80817,46.9965]},"properties":{"id":"qc-03100","name":"Fleuve Saint-Laurent \u2014 \u00c0 Saint-Fran\u00e7ois","prov":"QC","kind":"river","level":2.569,"time":"2026-08-10T17:45:00Z","src":"qc","class":"normal","classBy":"qc-vigilance"}},{"type":"Feature","geometry":{"type":"Point","coordinates":[-72.61933,46.2725]},"properties":{"id":"qc-03365","name":"Fleuve Saint-Laurent \u2014 \u00c0 Port-Saint-Fran\u00e7ois","prov":"QC","kind":"river","level":1.283,"time":"2026-08-10T17:45:00Z","src":"qc","class":"normal","classBy":"qc-vigilance"}},{"type":"Feature","geometry":{"type":"Point","coordinates":[-72.53917,46.3405]},"properties":{"id":"qc-03360","name":"Fleuve Saint-Laurent \u2014 \u00c0 Trois-Rivi\u00e8res","prov":"QC","kind":"river","level":1.193,"time":"2026-08-10T17:45:00Z","src":"qc","class":"normal","classBy":"qc-vigilance"}},{"type":"Feature","geometry":{"type":"Point","coordinates":[-72.8955,46.19483]},"properties":{"id":"qc-15975","name":"Lac Saint-Pierre \u2014 Au lac-Saint-Pierre","prov":"QC","kind":"lake","level":1.032,"time":"2026-08-10T17:45:00Z","src":"qc","class":"normal","classBy":"qc-vigilance"}},{"type":"Feature","geometry":{"type":"Point","coordinates":[-66.37683,50.19483]},"properties":{"id":"qc-02780","name":"Fleuve Saint-Laurent \u2014 \u00c0 Sept-\u00celes","prov":"QC","kind":"river","level":1.951,"time":"2026-08-10T17:45:00Z","src":"qc"}},{"type":"Feature","geometry":{"type":"Point","coordinates":[-72.10583,46.561]},"properties":{"id":"qc-03335","name":"Fleuve Saint-Laurent \u2014 \u00c0 Cap-\u00e0-la-Roche","prov":"QC","kind":"river","level":1.717,"time":"2026-08-10T17:45:00Z","src":"qc","class":"normal","classBy":"qc-vigilance"}},{"type":"Feature","geometry":{"type":"Point","coordinates":[-64.3805,48.997]},"properties":{"id":"qc-02330","name":"Golfe du Saint-Laurent \u2014 Golfe du Saint-Laurent, \u00e0 Rivi\u00e8re-au-Renard","prov":"QC","kind":"river","level":1.106,"time":"2026-08-10T17:45:00Z","src":"qc"}},{"type":"Feature","geometry":{"type":"Point","coordinates":[-65.559,48.187]},"properties":{"id":"qc-010802","name":"Rivi\u00e8re Bonaventure \u2014 \u00c0 2,4 km en amont du ruisseau Creux","prov":"QC","kind":"river","level":47.655,"discharge":10.8,"time":"2026-08-10T16:00:00Z","src":"qc","class":"normal","classBy":"qc-vigilance"}},{"type":"Feature","geometry":{"type":"Point","coordinates":[-65.733,48.232]},"properties":{"id":"qc-010902","name":"Rivi\u00e8re Petite Cascap\u00e9dia \u2014 \u00c0 0,9 km sur la rive gauche en aval du pont-route couvert \u00e0 Saint-Edgar","prov":"QC","kind":"river","level":22.552,"discharge":11.4,"time":"2026-08-10T16:30:00Z","src":"qc","class":"normal","classBy":"qc-vigilance"}},{"type":"Feature","geometry":{"type":"Point","coordinates":[-73.28317,45.83267]},"properties":{"id":"qc-15780","name":"Fleuve Saint-Laurent \u2014 \u00c0 Contrecoeur","prov":"QC","kind":"river","level":0.81,"time":"2026-08-10T17:45:00Z","src":"qc","class":"normal","classBy":"qc-vigilance"}},{"type":"Feature","geometry":{"type":"Point","coordinates":[-66.476,49.044]},"properties":{"id":"qc-021407","name":"Rivi\u00e8re Sainte-Anne \u2014 \u00c0 9,7 km en amont du pont-route 132","prov":"QC","kind":"river","level":26.97,"discharge":17.3,"time":"2026-08-10T16:00:00Z","src":"qc","class":"normal","classBy":"qc-vigilance"}},{"type":"Feature","geometry":{"type":"Point","coordinates":[-67.54,48.774]},"properties":{"id":"qc-021601","name":"Rivi\u00e8re Matane \u2014 \u00c0 8,5 km en amont du pont-route 132 \u00e0 Matane","prov":"QC","kind":"river","level":16.523,"discharge":76.78,"time":"2026-08-10T17:15:00Z","src":"qc","class":"normal","classBy":"qc-vigilance"}},{"type":"Feature","geometry":{"type":"Point","coordinates":[-67.52936,48.84336]},"properties":{"id":"qc-021605","name":"Rivi\u00e8re Matane \u2014 Du c\u00f4t\u00e9 ouest du barrage Mathieu-D'Amours","prov":"QC","kind":"river","level":5.459,"time":"2026-08-10T17:00:00Z","src":"qc"}},{"type":"Feature","geometry":{"type":"Point","coordinates":[-68.35611,48.41972]},"properties":{"id":"qc-021916","name":"Rivi\u00e8re Petite Neigette \u2014 \u00c0 0,5 km en aval  du lac \u00e0 la Peinture","prov":"QC","kind":"river","level":47.961,"discharge":0.79,"time":"2026-08-10T17:00:00Z","src":"qc","class":"normal","classBy":"qc-vigilance"}},{"type":"Feature","geometry":{"type":"Point","coordinates":[-71.425,46.868]},"properties":{"id":"qc-050915","name":"Rivi\u00e8re Nelson \u2014 Au pont de l'autoroute 573 (Henri IV), secteur Val-B\u00e9lair \u00e0 Qu\u00e9bec","prov":"QC","kind":"river","level":155.004,"discharge":0.52,"time":"2026-08-10T17:15:00Z","src":"qc","class":"normal","classBy":"qc-vigilance"}},{"type":"Feature","geometry":{"type":"Point","coordinates":[-71.362,47.003]},"properties":{"id":"qc-050916","name":"Rivi\u00e8re des Hurons \u2014 Au pont de la rue Crawford \u00e0 Stoneham","prov":"QC","kind":"river","level":48.961,"discharge":1.41,"time":"2026-08-10T17:15:00Z","src":"qc","class":"normal","classBy":"qc-vigilance"}},{"type":"Feature","geometry":{"type":"Point","coordinates":[-73.186,46.601]},"properties":{"id":"qc-052805","name":"Rivi\u00e8re du Loup \u2014 \u00c0 0,3 km en aval du ruisseau Carufel","prov":"QC","kind":"river","level":27.923,"discharge":8.85,"time":"2026-08-10T16:45:00Z","src":"qc","class":"normal","classBy":"qc-vigilance"}},{"type":"Feature","geometry":{"type":"Point","coordinates":[-72.513,48.684]},"properties":{"id":"qc-061909","name":"Rivi\u00e8re aux Saumons \u2014 \u00c0 1,3 km de la rivi\u00e8re Ashuapmushuan","prov":"QC","kind":"river","level":30.179,"discharge":12.14,"time":"2026-08-10T16:45:00Z","src":"qc","class":"normal","classBy":"qc-vigilance"}},{"type":"Feature","geometry":{"type":"Point","coordinates":[-72.49206,48.80378]},"properties":{"id":"qc-062002","name":"Rivi\u00e8re Rouge \u2014 En amont du ponceau sur la route 373 (rang Saint-Cyrille)","prov":"QC","kind":"river","level":48.404,"discharge":0.24,"time":"2026-08-10T16:30:00Z","src":"qc"}},{"type":"Feature","geometry":{"type":"Point","coordinates":[-72.272,48.889]},"properties":{"id":"qc-062102","name":"Rivi\u00e8re Mistassini \u2014 \u00c0 3,4 km en amont de la rivi\u00e8re Mistassibi","prov":"QC","kind":"river","level":27.083,"discharge":153.8,"time":"2026-08-10T16:30:00Z","src":"qc","class":"normal","classBy":"qc-vigilance"}},{"type":"Feature","geometry":{"type":"Point","coordinates":[-79.01145,48.77667]},"properties":{"id":"qc-089903","name":"Lac Macamic \u2014 \u00c0 Macamic","prov":"QC","kind":"lake","level":278.856,"time":"2026-08-10T16:45:00Z","src":"qc","class":"normal","classBy":"qc-vigilance"}},{"type":"Feature","geometry":{"type":"Point","coordinates":[-78.86184,48.74409]},"properties":{"id":"qc-089907","name":"Rivi\u00e8re Bellefeuille \u2014 Au pont de la route 11 \u00e0 Authier","prov":"QC","kind":"river","level":286.591,"discharge":0.23,"time":"2026-08-10T16:45:00Z","src":"qc"}},{"type":"Feature","geometry":{"type":"Point","coordinates":[-71.16222,47.27172]},"properties":{"id":"qc-051002","name":"Ruisseau des Eaux Vol\u00e9es \u2014 \u00c0 0,2 km en amont du chemin du Belv\u00e9d\u00e8re","prov":"QC","kind":"river","level":29.197,"discharge":0.08,"time":"2026-08-10T16:45:00Z","src":"qc"}},{"type":"Feature","geometry":{"type":"Point","coordinates":[-71.15972,47.27183]},"properties":{"id":"qc-051007","name":"Ruisseau des Aulnaies \u2014 \u00c0 30 m du ruisseau des Eaux Vol\u00e9es","prov":"QC","kind":"river","level":29.693,"discharge":0.06,"time":"2026-08-10T16:45:00Z","src":"qc"}},{"type":"Feature","geometry":{"type":"Point","coordinates":[-71.27,48.36]},"properties":{"id":"qc-061002","name":"Lac-K\u00e9nogami \u2014 Au Lac-K\u00e9nogami au barrage de Pibrac-Est","prov":"QC","kind":"lake","level":163.594,"time":"2026-08-10T17:00:00Z","src":"qc"}},{"type":"Feature","geometry":{"type":"Point","coordinates":[-73.35388,44.99992]},"properties":{"id":"qc-04295000","name":"Lac Champlain \u2014 \u00c0 Rouses Point","prov":"QC","kind":"lake","level":29.008,"time":"2026-08-10T16:00:00Z","src":"qc","class":"normal","classBy":"qc-vigilance"}},{"type":"Feature","geometry":{"type":"Point","coordinates":[-73.326,45.077]},"properties":{"id":"qc-030430","name":"Rivi\u00e8re Richelieu \u2014 Au centre de plein air l'Estacade \u00e0 Saint-Paul-de-l'\u00cele-aux-Noix","prov":"QC","kind":"river","level":28.914,"time":"2026-08-10T16:45:00Z","src":"qc","class":"normal","classBy":"qc-vigilance"}},{"type":"Feature","geometry":{"type":"Point","coordinates":[-73.825,45.158]},"properties":{"id":"qc-030907","name":"Rivi\u00e8re des Anglais \u2014 \u00c0 1,1 km en aval du pont-route \u00e0 Tr\u00e8s-Saint-Sacrement","prov":"QC","kind":"river","level":37.24,"discharge":1.29,"time":"2026-08-10T16:30:00Z","src":"qc"}},{"type":"Feature","geometry":{"type":"Point","coordinates":[-74.172,45.087]},"properties":{"id":"qc-030919","name":"Rivi\u00e8re Ch\u00e2teauguay \u2014 \u00c0 Huntingdon","prov":"QC","kind":"river","level":29.045,"discharge":7.49,"time":"2026-08-10T16:30:00Z","src":"qc","class":"normal","classBy":"qc-vigilance"}},{"type":"Feature","geometry":{"type":"Point","coordinates":[-75.41889,46.54842]},"properties":{"id":"qc-040605","name":"Lac des \u00c9corces \u2014 \u00c0 Mont-Laurier","prov":"QC","kind":"lake","level":229.731,"time":"2026-08-10T17:15:00Z","src":"qc"}},{"type":"Feature","geometry":{"type":"Point","coordinates":[-71.889,45.406]},"properties":{"id":"qc-030208","name":"Rivi\u00e8re Saint-Fran\u00e7ois \u2014 Au parc Saint-Fran\u00e7ois, en face de l'embouchure de la rivi\u00e8re Magog","prov":"QC","kind":"river","level":140.204,"discharge":33.28,"time":"2026-08-10T17:15:00Z","src":"qc","class":"normal","classBy":"qc-vigilance"}},{"type":"Feature","geometry":{"type":"Point","coordinates":[-74.27974,46.08318]},"properties":{"id":"qc-040104","name":"Rivi\u00e8re du Nord \u2014 Au lac Br\u00fbl\u00e9 \u00e0 Sainte-Agathe-des-Monts","prov":"QC","kind":"river","level":367.144,"time":"2026-08-10T17:15:00Z","src":"qc"}},{"type":"Feature","geometry":{"type":"Point","coordinates":[-74.42692,46.09097]},"properties":{"id":"qc-040105","name":"Lac Cornu \u2014 Au lac Cornu \u00e0 Saint-Faustin-Lac-Carr\u00e9","prov":"QC","kind":"lake","level":389.715,"time":"2026-08-10T17:00:00Z","src":"qc"}},{"type":"Feature","geometry":{"type":"Point","coordinates":[-76.74333,45.83944]},"properties":{"id":"qc-FOR_COUL.1","name":"Rivi\u00e8re des Outaouais \u2014 \u00c0 Fort-Coulonge","prov":"QC","kind":"river","level":106.003,"time":"2026-08-10T17:00:00Z","src":"qc","class":"normal","classBy":"qc-vigilance"}},{"type":"Feature","geometry":{"type":"Point","coordinates":[-70.71083,47.0895]},"properties":{"id":"qc-03075","name":"Fleuve Saint-Laurent \u2014 Au Cap du Banc Br\u00fbl\u00e9","prov":"QC","kind":"river","level":2.723,"time":"2026-08-10T17:45:00Z","src":"qc"}},{"type":"Feature","geometry":{"type":"Point","coordinates":[-74.8168,46.3648]},"properties":{"id":"qc-040241","name":"Lac Barri\u00e8re \u2014 \u00c0 8 km en aval de la ville de Rivi\u00e8re Rouge","prov":"QC","kind":"lake","level":45.427,"discharge":72.95,"time":"2026-08-10T16:30:00Z","src":"qc"}},{"type":"Feature","geometry":{"type":"Point","coordinates":[-72.17256,48.94253]},"properties":{"id":"qc-062114","name":"Rivi\u00e8re Mistassibi \u2014 En amont de la chute Bouchard","prov":"QC","kind":"river","level":45.829,"discharge":277.2,"time":"2026-08-08T03:45:00Z","src":"qc"}},{"type":"Feature","geometry":{"type":"Point","coordinates":[-71.28608,48.37239]},"properties":{"id":"qc-061029","name":"Rivi\u00e8re aux Sables \u2014 \u00c0 75 m en amont du pont suspendu du complexe Cepal","prov":"QC","kind":"river","level":45.12,"discharge":54.96,"time":"2026-08-10T17:00:00Z","src":"qc","class":"normal","classBy":"qc-vigilance"}},{"type":"Feature","geometry":{"type":"Point","coordinates":[-70.3655,47.44883]},"properties":{"id":"qc-03057","name":"Fleuve Saint-Laurent \u2014 \u00c0 Saint-Joseph-de-la-Rive","prov":"QC","kind":"river","level":4.379,"time":"2026-08-10T17:45:00Z","src":"qc"}},{"type":"Feature","geometry":{"type":"Point","coordinates":[-72.74258,47.58421]},"properties":{"id":"qc-050117","name":"Rivi\u00e8re Croche \u2014 \u00c0 2,6 km en aval du ruisseau du Huard","prov":"QC","kind":"river","level":47.614,"discharge":73.95,"time":"2026-08-10T16:45:00Z","src":"qc"}},{"type":"Feature","geometry":{"type":"Point","coordinates":[-71.526,46.893]},"properties":{"id":"qc-050801","name":"Rivi\u00e8re Jacques-Cartier \u2014 En aval du pont du Chemin Gosford","prov":"QC","kind":"river","level":151.269,"discharge":59.98,"time":"2026-08-10T16:30:00Z","src":"qc","class":"normal","classBy":"qc-vigilance"}},{"type":"Feature","geometry":{"type":"Point","coordinates":[-114.0975,51.0006]},"properties":{"id":"ab-05BJ008","name":"Glenmore Reservoir","prov":"AB","kind":"reservoir","level":1076.797,"time":"2026-08-11T06:00:00Z","src":"ab","resName":"Glenmore Reservoir","resOperator":"City of Calgary Water Services","capacityKm3":0.0235,"fillPct":98.7,"estStorageKm3":0.023}},{"type":"Feature","geometry":{"type":"Point","coordinates":[-114.0533,49.612]},"properties":{"id":"ab-05AA032","name":"Oldman River Dam Reservoir","prov":"AB","kind":"reservoir","level":1114.431,"time":"2026-08-11T05:10:00Z","src":"ab","resName":"Oldman River Dam Reservoir","resOperator":"Alberta Environment and Protected Areas","capacityKm3":0.495,"fillPct":81.6,"estStorageKm3":0.404}},{"type":"Feature","geometry":{"type":"Point","coordinates":[-113.1146,49.363]},"properties":{"id":"ab-05AE025","name":"St. Mary Reservoir","prov":"AB","kind":"reservoir","level":1100.104,"time":"2026-08-11T06:00:00Z","src":"ab","resName":"St. Mary Reservoir","resOperator":"Alberta Environment / SMRID","capacityKm3":0.369,"fillPct":69.8,"estStorageKm3":0.258}},{"type":"Feature","geometry":{"type":"Point","coordinates":[-114.7167,51.2167]},"properties":{"id":"ab-05BE005","name":"Ghost Lake Reservoir","prov":"AB","kind":"reservoir","level":1190.986,"time":"2026-08-11T05:00:00Z","src":"ab","resName":"Ghost Lake Reservoir","resOperator":"TransAlta","capacityKm3":0.0657,"fillPct":86.6,"estStorageKm3":0.057}},{"type":"Feature","geometry":{"type":"Point","coordinates":[-124.0,56.0]},"properties":{"id":"res-williston-lake-w-a-c-bennett-dam","name":"Williston Lake (W.A.C. Bennett Dam)","prov":"BC","kind":"reservoir","resName":"Williston Lake (W.A.C. Bennett Dam)","resOperator":"BC Hydro","src":"static","capacityKm3":39.47,"fslM":672.08,"resNote":"WSC gauge uses station datum, not geodetic \u2014 fill % suppressed by range check"}},{"type":"Feature","geometry":{"type":"Point","coordinates":[-118.45,52.13]},"properties":{"id":"res-kinbasket-reservoir-mica-dam","name":"Kinbasket Reservoir (Mica Dam)","prov":"BC","kind":"reservoir","resName":"Kinbasket Reservoir (Mica Dam)","resOperator":"BC Hydro","src":"static","capacityKm3":14.8,"fslM":754.4,"resNote":"gauge not currently in realtime feed"}},{"type":"Feature","geometry":{"type":"Point","coordinates":[-118.0,50.0]},"properties":{"id":"res-arrow-lakes-reservoir-hugh-keenleyside-dam","name":"Arrow Lakes Reservoir (Hugh Keenleyside Dam)","prov":"BC","kind":"reservoir","resName":"Arrow Lakes Reservoir (Hugh Keenleyside Dam)","resOperator":"BC Hydro","src":"static","capacityKm3":8.76,"fslM":440.1}},{"type":"Feature","geometry":{"type":"Point","coordinates":[-118.35,51.55]},"properties":{"id":"res-lake-revelstoke-revelstoke-dam","name":"Lake Revelstoke (Revelstoke Dam)","prov":"BC","kind":"reservoir","resName":"Lake Revelstoke (Revelstoke Dam)","resOperator":"BC Hydro","src":"static","capacityKm3":1.52,"fslM":573.0,"resNote":"Martha Creek gauge on assumed datum \u2014 fill % suppressed by range check"}},{"type":"Feature","geometry":{"type":"Point","coordinates":[-97.25,52.117]},"properties":{"id":"res-lake-winnipeg","name":"Lake Winnipeg","prov":"MB","kind":"reservoir","resName":"Lake Winnipeg","resOperator":"Manitoba Hydro (Lake Winnipeg Regulation)","src":"static","fslM":217.9}},{"type":"Feature","geometry":{"type":"Point","coordinates":[-98.5,57.167]},"properties":{"id":"res-southern-indian-lake","name":"Southern Indian Lake","prov":"MB","kind":"reservoir","resName":"Southern Indian Lake","resOperator":"Manitoba Hydro (Churchill River Diversion)","src":"static","capacityKm3":23.4,"fslM":258.32}},{"type":"Feature","geometry":{"type":"Point","coordinates":[-100.169,53.329]},"properties":{"id":"res-cedar-lake-grand-rapids-gs","name":"Cedar Lake (Grand Rapids GS)","prov":"MB","kind":"reservoir","resName":"Cedar Lake (Grand Rapids GS)","resOperator":"Manitoba Hydro","src":"static","fslM":256.64}},{"type":"Feature","geometry":{"type":"Point","coordinates":[-106.836,51.031]},"properties":{"id":"res-lake-diefenbaker-gardiner-dam","name":"Lake Diefenbaker (Gardiner Dam)","prov":"SK","kind":"reservoir","resName":"Lake Diefenbaker (Gardiner Dam)","resOperator":"Sask. Water Security Agency / SaskPower","src":"static","capacityKm3":9.4,"fslM":556.87}},{"type":"Feature","geometry":{"type":"Point","coordinates":[-101.4124,50.9604]},"properties":{"id":"res-lake-of-the-prairies-shellmouth-dam","name":"Lake of the Prairies (Shellmouth Dam)","prov":"MB","kind":"reservoir","resName":"Lake of the Prairies (Shellmouth Dam)","resOperator":"Manitoba Transportation and Infrastructure","src":"static","capacityKm3":0.477,"fslM":429.31}},{"type":"Feature","geometry":{"type":"Point","coordinates":[-116.9303,49.654]},"properties":{"id":"res-kootenay-lake-corra-linn-dam","name":"Kootenay Lake (Corra Linn Dam)","prov":"BC","kind":"reservoir","resName":"Kootenay Lake (Corra Linn Dam)","resOperator":"FortisBC / IJC-regulated","src":"static","fslM":531.97}},{"type":"Feature","geometry":{"type":"Point","coordinates":[-103.3956,53.6572]},"properties":{"id":"res-tobin-lake-e-b-campbell-dam","name":"Tobin Lake (E.B. Campbell Dam)","prov":"SK","kind":"reservoir","resName":"Tobin Lake (E.B. Campbell Dam)","resOperator":"SaskPower","src":"static","capacityKm3":2.2}},{"type":"Feature","geometry":{"type":"Point","coordinates":[-103.0946,49.1456]},"properties":{"id":"res-rafferty-reservoir","name":"Rafferty Reservoir","prov":"SK","kind":"reservoir","resName":"Rafferty Reservoir","resOperator":"Saskatchewan Water Security Agency","src":"static","capacityKm3":0.44}},{"type":"Feature","geometry":{"type":"Point","coordinates":[-122.7792,49.3557]},"properties":{"id":"res-coquitlam-lake-reservoir","name":"Coquitlam Lake Reservoir","prov":"BC","kind":"reservoir","resName":"Coquitlam Lake Reservoir","resOperator":"BC Hydro / Metro Vancouver","src":"static","capacityKm3":0.21,"resNote":"gauge on local datum \u2014 fill % suppressed"}},{"type":"Feature","geometry":{"type":"Point","coordinates":[-58.084,48.6686]},"properties":{"id":"res-grand-lake-deer-lake-power","name":"Grand Lake (Deer Lake Power)","prov":"NL","kind":"reservoir","resName":"Grand Lake (Deer Lake Power)","resOperator":"Deer Lake Power (Kruger)","src":"static","capacityKm3":5.4}},{"type":"Feature","geometry":{"type":"Point","coordinates":[-119.4997,49.8861]},"properties":{"id":"res-okanagan-lake-penticton-dam","name":"Okanagan Lake (Penticton Dam)","prov":"BC","kind":"reservoir","resName":"Okanagan Lake (Penticton Dam)","resOperator":"BC WLRS (Okanagan Lake Regulation)","src":"static","fslM":342.48,"resNote":"gauge on local datum \u2014 fill % suppressed"}},{"type":"Feature","geometry":{"type":"Point","coordinates":[-123.697,48.5556]},"properties":{"id":"res-sooke-lake-reservoir","name":"Sooke Lake Reservoir","prov":"BC","kind":"reservoir","resName":"Sooke Lake Reservoir","resOperator":"Capital Regional District","src":"static","capacityKm3":0.16,"resNote":"Greater Victoria main supply; CRD publishes weekly PDF only \u2014 no live gauge"}},{"type":"Feature","geometry":{"type":"Point","coordinates":[-123.1113,49.3596]},"properties":{"id":"res-capilano-reservoir-cleveland-dam","name":"Capilano Reservoir (Cleveland Dam)","prov":"BC","kind":"reservoir","resName":"Capilano Reservoir (Cleveland Dam)","resOperator":"Metro Vancouver","src":"static","resNote":"weekly aggregate dashboard only \u2014 no live gauge"}},{"type":"Feature","geometry":{"type":"Point","coordinates":[-122.9653,49.4403]},"properties":{"id":"res-seymour-falls-reservoir","name":"Seymour Falls Reservoir","prov":"BC","kind":"reservoir","resName":"Seymour Falls Reservoir","resOperator":"Metro Vancouver","src":"static","resNote":"weekly aggregate dashboard only \u2014 no live gauge"}},{"type":"Feature","geometry":{"type":"Point","coordinates":[-105.3861,50.5833]},"properties":{"id":"res-buffalo-pound-lake","name":"Buffalo Pound Lake","prov":"SK","kind":"reservoir","resName":"Buffalo Pound Lake","resOperator":"Sask. WSA / Buffalo Pound WTP","src":"static","capacityKm3":0.092,"fslM":509.47,"resNote":"WSC gauge not in realtime feed \u2014 no live path currently"}}]}